Date, Element No, Used interval, SM16 Interval (new), SM17 Interval (new), SM17/SM16 Interval ratio, R (SM16), R (SM17)(exp), R (SM17), Grade, Success, abs RM16, abs RM17 (expected), abs RM17 (predicted), abs R-Metric, sqr R-Metric, Title,
Dec 22 2022 10:22:04,9,2,2,1,0.5,0.899,0.932,0.932,1,0,0.8986,0.9321,0.9321,-0.0336,-0.0614,地理学特别关注[.]的空间分异。
Dec 22 2022 10:22:26,96,1,2,6,2.97,0.945,0.961,0.961,4,1,0.0548,0.0387,0.0387,0.0162,0.0015,地理学的空间刻画有多种形式：  具象的：（1）地图。（2）文字。 计量的：（3）数学表达。（4）数字刻画。 抽象的[.]
Dec 22 2022 10:22:51,92,1,2,3,1.35,0.943,0.961,0.961,3,1,0.0573,0.0388,0.0388,0.0185,0.0018,地理学的空间刻画有多种形式：  具象的：（1）地图。（2）文字。 计量的[.]抽象的：（5）认知（cognitive）刻画。
Dec 23 2022 10:25:02,9,1,2,3,1.39,0.96,0.9,0.9,5,1,0.0403,0.1002,0.1002,-0.0599,-0.0084,地理学特别关注[.]的空间分异。
Dec 23 2022 10:25:07,113,3,10,3,0.35,0.884,0.896,0.896,5,1,0.1161,0.104,0.104,0.0121,0.0027,地理学特别关注地球表层的[.]。
Dec 23 2022 10:25:13,164,2,6,5,0.78,0.917,0.923,0.923,5,1,0.0834,0.0769,0.0769,0.0065,0.001,人文地理学是地理科学中的[.]
Dec 23 2022 10:27:54,150,2,6,11,1.79,0.913,0.921,0.921,5,1,0.0875,0.0786,0.0786,0.0088,0.0015,施吕特尔（O．Schluter，1872―1952）是[.]的创始人。 他认为，地理学者应首先着眼于地球表面可以通过感官觉察到的事物，着眼于这种感觉一景观的整体。 景观是自然和人类社会共同创造的生活空间，他注重从历史的角度来分析景观，探究一个原始景观（在经过人类活动重大改变之前存在的景观）转变成文化景观（人类文化所创造的景观）的过程，这就是地理学的主要任务。
Dec 23 2022 10:28:11,157,2,2,1,0.5,0.909,0.92,0.92,1,0,0.9087,0.9202,0.9202,-0.0115,-0.0209,当代西方人文地理学与前期相比，无论在研究方向还是研究内容、方法上都有一些新的变化，总体来看，它具有以下三大主要特征：  1．理论与哲学方法论的多元化 2．研究方法的不断革新 3．研究内容和方向的[.]趋向
Dec 23 2022 10:31:02,155,2,5,8,1.51,0.905,0.918,0.918,4,1,0.0949,0.0816,0.0816,0.0133,0.0023,为了研究各种尺度的空间和地方，地理学者用许多方法进行空间刻画。  当研究不同尺度的有形现象（例如植被、产业）及其时间过程时，尤其依赖空间刻画。 地理学者还用空间刻画来研究一些无形现象，例如了解环境感知如何影响人们的行为，这就需要用诸如[.]的工具来刻画认知的空间。
Dec 26 2022 11:18:31,9,3,8,10,1.23,0.86,0.897,0.897,5,1,0.1397,0.1026,0.1026,0.0371,0.009,地理学特别关注[.]的空间分异。
Dec 26 2022 11:23:53,217,4,2,4,1.85,0.813,0.846,0.846,1,0,0.8133,0.8458,0.8458,-0.0325,-0.054,地理学具有深厚的[.]，不断提出需要研究的科学问题，遵循一套从观测、度量、实验、假设、证实（或证伪）到理论概括、逻辑推导和实践检验，并不断反馈、往复的科学方法。  地理学紧密联系社会科学，关注人类社会和人类活动，运用多样的社会科学理论和方法，力图揭示不断变化的经济，社会和政治关系，特别注重这些关系的空间组织和空间结构。 .
Dec 26 2022 11:24:17,246,4,2,3,1.4,0.808,0.852,0.852,2,0,0.8077,0.8523,0.8523,-0.0447,-0.0742,[.]直接影响城市的发展形态。 在整个漫长的封建社会中，小农经济是社会的经济基础，然而欧洲与中国在土地所有制上有很大的差别。  中国是地主所有制，地主可通过其代理人向农民征收实物或货币地租，地主阶级尤其是大中地主可以离开农村集中居住在城市，而封建统治的官僚阶级本身即是地主阶级或他们的代表人物。 .
Dec 26 2022 11:24:40,149,5,2,3,1.65,0.759,0.815,0.815,1,0,0.7594,0.8151,0.8151,-0.0557,-0.0877,为了研究各种尺度的空间和地方，地理学者用许多方法进行空间刻画。  当研究不同尺度的[.]（例如植被、产业）及其时间过程时，尤其依赖空间刻画。 地理学者还用空间刻画来研究一些无形现象，例如了解环境感知如何影响人们的行为，这就需要用诸如心智地图（mental map）和心智模型（mental model）的工具来刻画认知的空间。
12月 26 2022 11:44:39,238,4,2,2,1.13,0.797,0.851,0.851,1,0,0.7974,0.8507,0.8507,-0.0532,-0.0877,与区域相近的词有“地区（area）”“地域（temritory），其实质是一致的。  只是“区域”是泛指，而“地区”则是特指，如华东地区。 “区域”范围有大有小，而“地域”一般范围较大，且更强调[.]。 至于“空间”，虽然基本含义也与区域相近，但其范围更抽象、更笼统。
12月 26 2022 11:45:27,157,3,5,7,1.37,0.851,0.725,0.742,4,1,0.149,0.2751,0.2585,-0.1095,-0.0446,当代西方人文地理学与前期相比，无论在研究方向还是研究内容、方法上都有一些新的变化，总体来看，它具有以下三大主要特征：  1．理论与哲学方法论的多元化 2．研究方法的不断革新 3．研究内容和方向的[.]趋向
12月 26 2022 11:45:57,57,5,17,10,0.57,0.767,0.812,0.812,4,1,0.2333,0.1876,0.1876,0.0457,0.0192,地理学的空间刻画有多种形式：  具象的[.]计量的：（3）数学表达。（4）数字刻画。抽象的：（5）认知（cognitive）刻画。
Dec 26 2022 14:22:30,92,4,6,28,4.72,0.818,0.984,0.984,3,1,0.1818,0.016,0.016,0.1658,0.0328,地理学的空间刻画有多种形式：  具象的：（1）地图。（2）文字。 计量的[.]抽象的：（5）认知（cognitive）刻画。
Dec 26 2022 14:23:01,108,5,12,8,0.66,0.761,0.804,0.804,3,1,0.2387,0.1963,0.1963,0.0424,0.0184,为了研究各种尺度的空间和地方，地理学者用许多方法进行空间刻画。  当研究不同尺度的有形现象（例如植被、产业）及其时间过程时，尤其依赖空间刻画。 地理学者还用空间刻画来研究一些[.]，例如了解环境感知如何影响人们的行为，这就需要用诸如心智地图（mental map）和心智模型（mental model）的工具来刻画认知的空间。
Dec 26 2022 14:23:25,255,4,14,4,0.27,0.8,0.838,0.838,5,1,0.2002,0.1621,0.1621,0.038,0.0138,人文地理学是关于人类活动的空间差异和空间组织以及[.]之间相互关系的学科
Dec 26 2022 14:23:49,250,4,14,8,0.54,0.796,0.832,0.832,5,1,0.2042,0.1676,0.1676,0.0367,0.0136,近代人文地理学的研究是个不断探索的过程，不同国家的学者试图从不同角度探讨人类活动与地理环境之间的关系，探究人文地理学的特定研究视角和解释途径，相继形成了 以拉采尔为代表的环境学派， 以白兰士、白吕纳为代表的人地相关学派， 以赫特纳、哈特向为代表的区域学派， 以施吕特尔、索尔为代表的[.]， 极大地充实了人文地理学的研究内涵。
Dec 26 2022 14:25:37,115,4,2,3,1.62,0.792,0.826,0.826,1,0,0.792,0.8263,0.8263,-0.0344,-0.0556,区域分析的主要内容  [.]
Dec 26 2022 14:25:53,239,4,2,1,0.52,0.788,0.827,0.827,2,0,0.7883,0.8272,0.8272,-0.0389,-0.0628,与区域相近的词有“地区（area）”“地域（temritory），其实质是一致的。  只是“区域”是泛指，而“地区”则是特指，如华东地区。 “区域”范围有大有小，而“地域”一般范围较大，且更强调地方性和景观性。 至于“空间”，虽然基本含义也与区域相近，但其范围更[.]。
Dec 26 2022 14:26:20,237,4,2,1,0.5,0.785,0.828,0.828,2,0,0.7849,0.8279,0.8279,-0.043,-0.0694,与区域相近的词有“地区（area）”“地域（temritory），其实质是一致的。  只是“区域”是泛指，而“地区”则是特指，如华东地区。 “区域”范围有大有小，而“地域”一般范围较[.]，且更强调地方性和景观性。 至于“空间”，虽然基本含义也与区域相近，但其范围更抽象、更笼统。
Dec 26 2022 14:28:14,297,3,2,1,0.61,0.831,0.869,0.869,2,0,0.8313,0.8686,0.8686,-0.0373,-0.0633,地理学的发展一般可以划分为三个阶段：  一是古代地理学，从[.]为止，以描述自然和人文现象为中心内容； 二是近代地理学，从世界上设置大学地理讲座或地理系开始（德国最早在1874年设置地理讲座），到第二次世界大战结束，地埋学进入近代科学阶段，此时地理学形成了人地关系学派、区域学派、景观学派等，学科内部则不断分化出众多的分支学科； .
Dec 26 2022 14:28:42,230,4,2,2,1.22,0.779,0.826,0.826,1,0,0.7786,0.8258,0.8258,-0.0472,-0.0757,在人地关系理论的研究方面，随着科学技术的发展，人类改变地理环境的规模和速度不断强化，人口增长、资源短缺、环境恶化、经济发展等都给当代社会带来一系列全球性和地区性的矛盾。  在这种背景下，如何协调人地关系成为人文地理学者研究的主题，客观上要求人文地理学成为[.]人类生存所需的周围环境的科学。
Dec 26 2022 14:29:54,296,3,9,7,0.81,0.826,0.867,0.867,4,1,0.1736,0.1331,0.1331,0.0405,0.0124,人文地理学的产生是一个漫长的过程，一般是指19世纪中叶以前。  这一阶段基本上是积累地理知识和资料的过程。 而这个过程主要依赖于地理视野的扩展，对[.]构成了古代人文地理学的主要内容。
Dec 26 2022 14:30:37,292,3,6,11,1.81,0.824,0.866,0.866,3,1,0.1758,0.1336,0.1336,0.0422,0.013,二次大战后，西方人文地理学发生了巨大的变化，它连续不断地朝多元化发展。  战后初期，美国地理学界区域学派的观点占上风。以谢佛（F.K.Schaefer）为代表的地理学者首先向区域研究的公式化、理论的贫乏发起挑战，提出必须加强地理学理论、方法论研究。 20世纪50年代中期，华盛顿大学的地理学者加里森（W .
12月 27 2022 09:14:20,349,1,3,2,0.63,0.937,0.968,0.968,5,1,0.0632,0.0323,0.0323,0.0309,0.003,[.]是空间刻画的核心工具。 为编制[.]而形成的概念影响着所有的空间刻画形式。
12月 27 2022 09:14:27,237,1,2,3,1.73,0.939,0.921,0.948,5,1,0.061,0.0792,0.0522,0.0088,0.001,与区域相近的词有“地区（area）”“地域（temritory），其实质是一致的。  只是“区域”是泛指，而“地区”则是特指，如华东地区。 “区域”范围有大有小，而“地域”一般范围较[.]，且更强调地方性和景观性。 至于“空间”，虽然基本含义也与区域相近，但其范围更抽象、更笼统。
12月 27 2022 09:14:50,297,1,2,2,0.82,0.942,0.921,0.955,5,1,0.0578,0.0791,0.0449,0.0129,0.0013,地理学的发展一般可以划分为三个阶段：  一是古代地理学，从[.]为止，以描述自然和人文现象为中心内容； 二是近代地理学，从世界上设置大学地理讲座或地理系开始（德国最早在1874年设置地理讲座），到第二次世界大战结束，地埋学进入近代科学阶段，此时地理学形成了人地关系学派、区域学派、景观学派等，学科内部则不断分化出众多的分支学科； .
12月 27 2022 09:30:58,386,1,2,4,1.88,0.943,0.968,0.968,2,0,0.943,0.9678,0.9678,-0.0247,-0.0473,一般来讲，区域空间结构由点、线、面三个基本要素组成。  “点”是经济社会活动在空间上的聚集地，多指不同规模和职能的居民点。 “线”即连接不同等级的“点”，并为其提供人员、能源、物资 .
12月 27 2022 09:35:18,387,1,2,3,1.44,0.942,0.966,0.966,4,1,0.0578,0.0343,0.0343,0.0235,0.0022,一般来讲，区域空间结构由点、线、面三个基本要素组成。  “点”是经济社会活动在空间上的聚集地，多指不同规模和职能的居民点。 “线”即[.]，这种线状设施及其与“点”之间的相互通联即构成网络。经济社会活动沿线状设施排列布局并在区域发展中发挥重要作用时便形成区域发展轴。 .
12月 27 2022 09:35:43,67,6,21,5,0.24,0.696,0.746,0.746,5,1,0.3038,0.2544,0.2544,0.0494,0.0276,人文地理学是[.]中的社会科学
12月 27 2022 09:35:57,133,6,2,1,0.51,0.693,0.738,0.941,2,0,0.6929,0.7382,0.9405,-0.2476,-0.4045,施吕特尔（O．Schluter，1872―1952）是景观学派的创始人。 他认为，地理学者应首先着眼于地球表面可以通过感官觉察到的事物，着眼于这种感觉一景观的整体。 景观是自然和人类社会共同创造的生活空间，他注重从[ .
12月 27 2022 09:36:29,247,5,2,1,0.5,0.734,0.78,0.952,1,0,0.7337,0.78,0.952,-0.2183,-0.368,近代人文地理学的研究是个不断探索的过程，不同国家的学者试图从不同角度探讨人类活动与地理环境之间的关系，探究人文地理学的特定研究视角和解释途径，相继形成了 以拉采尔为代表的[.]， 以白兰士、白吕纳为代表的人地相关学派， 以赫特纳、哈特向为代表的区域学派， 以施吕特尔、索尔为代表的景观学派， 极大地充实了人文地理学的研究内涵。
12月 27 2022 09:37:07,234,5,2,1,0.5,0.731,0.779,0.954,1,0,0.731,0.7792,0.9542,-0.2232,-0.3761,区域分析主要是对区域发展的自然条件和社会经济背景特征及其对区域发展的影响进行分析，以探讨区域内部各自然要素及人文要素间和区域间相互联系的规律、它涉及地理学、经济学、社会学、政治学及生物学等众多学科。  区域分析并不是一门独立学科，它作为一种科学方法论形成和发展起来，为有关学科研究区域问题和进行区域规划提供理论基础和研究方法，是区域研究的重要内容。 .
12月 27 2022 09:37:26,239,1,2,1,0.5,0.941,0.919,0.96,4,1,0.0594,0.0808,0.0404,0.019,0.0019,与区域相近的词有“地区（area）”“地域（temritory），其实质是一致的。  只是“区域”是泛指，而“地区”则是特指，如华东地区。 “区域”范围有大有小，而“地域”一般范围较大，且更强调地方性和景观性。 至于“空间”，虽然基本含义也与区域相近，但其范围更[.]。
12月 27 2022 09:37:46,219,5,17,12,0.7,0.74,0.779,0.956,4,1,0.2603,0.2212,0.0438,0.2165,0.0659,法国近代人文地理学的奠基人是[.] 他建立起来的法国学派主要特色是在人地关系理论与区域人文地理研究两个方面。 在人地关系中，白兰士竭力反对拉采尔的环境决定论思想，他认为，除了环境的直接影响外，还有其他因素在起作用，强调人类对外界环境的适应不是被动的，而是主动的，因而人与自然环境之间是相互作用的，所以他的理论被称为“人地相关论”。 .
Dec 28 2022 11:38:51,113,5,17,41,2.44,0.97,0.986,0.988,5,1,0.0303,0.0141,0.0121,0.0183,0.0008,地理学特别关注地球表层的[.]。
Dec 29 2022 09:47:35,164,6,21,57,2.74,0.94,0.981,0.984,5,1,0.0601,0.0187,0.0156,0.0445,0.0034,人文地理学是地理科学中的[.]
Dec 29 2022 09:59:55,96,7,2,4,1.91,0.724,0.973,0.979,1,0,0.7236,0.9733,0.9792,-0.2555,-0.4351,地理学的空间刻画有多种形式：  具象的：（1）地图。（2）文字。 计量的：（3）数学表达。（4）数字刻画。 抽象的[.]
Dec 29 2022 10:00:09,384,3,2,2,0.77,0.833,0.868,0.972,2,0,0.8327,0.868,0.9722,-0.1395,-0.2517,一般来讲，区域空间结构由点、线、面三个基本要素组成。  “点”是[.]，多指不同规模和职能的居民点。 “线”即连接不同等级的“点”，并为其提供人员、能源、物资和信息交流的各种交通、通信、能源供应和给排水等线状设施，这种线状设施及其与“点”之间的相互通联即构成网络。 经济社会活动沿线状设施排列布局并在区域发展中发挥重要作用时便形成区域发展轴。 .
Dec 29 2022 10:00:49,349,2,6,21,3.55,0.951,0.991,0.993,5,1,0.0489,0.0089,0.0075,0.0415,0.0023,[.]是空间刻画的核心工具。 为编制[.]而形成的概念影响着所有的空间刻画形式。
Dec 29 2022 10:00:58,319,3,2,1,0.5,0.831,0.863,0.972,1,0,0.831,0.8627,0.9724,-0.1414,-0.2551,白兰士的学生白吕纳在《[.]》一书中，把人生地理事实分为三纲六目。 即地面上建设事业的不能生产者―房屋与道路，动植物的利用事业―耕种与畜牧，经济上的破坏事业―动植物的滥杀滥伐和矿产的开掘进一步细化了人地之间的相互关系。
Dec 29 2022 10:01:34,320,3,9,9,0.96,0.829,0.862,0.973,4,1,0.1707,0.1384,0.0267,0.144,0.0284,地理学的空间刻画方式与一整套核心的[.]（包括区位、区域、地方、分布、空间相互作用、尺度、变化）紧密联系。  空间刻画及各种刻画之间的联系还提供了一种能在其中进行综合的框架。
Dec 29 2022 10:01:57,353,3,10,7,0.67,0.828,0.864,0.974,5,1,0.1723,0.1359,0.0263,0.146,0.029,按照行政区划标准，我国的城镇可以划分为直辖市、市和镇：其中，按行政管辖的不同，还可把进一步划分[.]；建制镇无可争议地是城镇的一种类型。
Dec 29 2022 10:06:49,396,3,2,4,1.77,0.826,0.864,0.974,1,0,0.826,0.864,0.9737,-0.1476,-0.2657,经济学中与区域分析关系最为密切的是区域经济学，它是从古典区位论中发展演化出来的，主要研究人类经济活动的地理分布和空间组织规律，包括生产、流通、分配、消费的地理分布规律，地区优势的发挥，产业结构的优化，劳动地域分工的组织等问题。  也有人认为，区域经济学是经济学与地理学交叉而形成的应用经济学，是从经济学角度研究[.]的科学。
Dec 29 2022 10:07:20,234,2,1,1,1,0.83,0.808,0.918,1,0,0.8303,0.8082,0.9181,-0.0878,-0.1535,区域分析主要是对区域发展的自然条件和社会经济背景特征及其对区域发展的影响进行分析，以探讨区域内部各自然要素及人文要素间和区域间相互联系的规律、它涉及地理学、经济学、社会学、政治学及生物学等众多学科。  区域分析并不是一门独立学科，它作为一种科学方法论形成和发展起来，为有关学科研究区域问题和进行区域规划提供理论基础和研究方法，是区域研究的重要内容。 .
Dec 29 2022 10:07:28,413,3,10,7,0.71,0.755,0.864,0.975,5,1,0.2446,0.1361,0.0254,0.2192,0.0592,春秋战国之际，[.]_形成了中国古代历史上一个筑城的高潮。
Dec 30 2022 15:29:13,217,4,1,1,1,0.688,0.644,0.866,2,0,0.6885,0.6444,0.8658,-0.1774,-0.2757,地理学具有深厚的[.]，不断提出需要研究的科学问题，遵循一套从观测、度量、实验、假设、证实（或证伪）到理论概括、逻辑推导和实践检验，并不断反馈、往复的科学方法。  地理学紧密联系社会科学，关注人类社会和人类活动，运用多样的社会科学理论和方法，力图揭示不断变化的经济，社会和政治关系，特别注重这些关系的空间组织和空间结构。 .
Dec 30 2022 15:29:25,304,1,3,5,1.79,0.91,0.935,0.986,5,1,0.0896,0.0645,0.0143,0.0753,0.0078,地理学用一套独特而系统的视角和科学框架研究作为人类家园的地球表层复杂系统，这种视角和框架的核心理念是“[.]”，它打破了自然科学和社会科学的界线，把不同学科聚集在一起。
Dec 30 2022 15:29:35,387,3,8,29,3.58,0.89,0.986,0.99,5,1,0.1105,0.0141,0.0099,0.1006,0.0121,一般来讲，区域空间结构由点、线、面三个基本要素组成。  “点”是经济社会活动在空间上的聚集地，多指不同规模和职能的居民点。 “线”即[.]，这种线状设施及其与“点”之间的相互通联即构成网络。经济社会活动沿线状设施排列布局并在区域发展中发挥重要作用时便形成区域发展轴。 .
Dec 30 2022 15:30:18,234,1,1,1,1,0.909,0.879,0.956,2,0,0.9091,0.879,0.9563,-0.0473,-0.0882,区域分析主要是对区域发展的自然条件和社会经济背景特征及其对区域发展的影响进行分析，以探讨区域内部各自然要素及人文要素间和区域间相互联系的规律、它涉及地理学、经济学、社会学、政治学及生物学等众多学科。  区域分析并不是一门独立学科，它作为一种科学方法论形成和发展起来，为有关学科研究区域问题和进行区域规划提供理论基础和研究方法，是区域研究的重要内容。 .
Dec 30 2022 15:30:25,412,4,14,10,0.75,0.68,0.81,0.966,5,1,0.3202,0.1897,0.0337,0.2864,0.1014,到新石器时代的后期，[.]成为主要的生产方式，逐渐产生了固定的居民点。  人们的生活与农业均离不开水，所以原始的居民点大都靠近河流、湖泊.而且大多位于向阳的河岸台地上，为了防御野兽的侵袭和其他部落的袭击，往往在原始居民点外围挖筑壕沟，或用石、土、木等材料筑成墙及栅栏。 这些沟，墙是一种防御性构筑物，也是城池的雏形。
Dec 30 2022 15:31:31,153,4,14,8,0.61,0.679,0.804,0.965,5,1,0.3207,0.196,0.0347,0.286,0.1016,在全球化背景下，跨越空间所需要的时间缩小了，这使地方之间的联系更为紧密，但[.]依然存在。
Dec 30 2022 15:31:55,289,7,22,24,1.09,0.508,0.67,0.944,3,1,0.492,0.3297,0.0555,0.4365,0.239,赫特纳是区域学派的代表人物。 他主张地理学应着重于[.]的研究，区域地理学是地理学的核心，地理学研究的区域应是人类与环境相互作用的结果，所有自然界中与人类活动相互影响的一切要素，与自然环境相互联系的人文现象都是区域的特征。 他的地理学方法论著作《地理学：它的历史、性质和方法》在国际地理学界产生了广泛的影响。
Dec 30 2022 15:33:11,332,4,14,11,0.8,0.679,0.792,0.963,5,1,0.3214,0.2078,0.0365,0.2849,0.102,地理学不仅研究环境动态与自然系统、人类活动与自然环境、人类社会动态与经济社会和政治系统的关系，而且通过[.]的动态把这些关系联系起来。
Dec 30 2022 15:34:37,511,3,1,3,3.05,0.747,0.823,0.968,1,0,0.7475,0.8228,0.9682,-0.2207,-0.3787,区域的结构性是指[.]间存在着包括空间位置、功能联系、作用地位等方面的关系。. 如区域城乡结构、城镇体系结构、经济地域结构等。
Dec 30 2022 15:40:54,444,4,1,2,2.33,0.678,0.793,0.965,1,0,0.6779,0.7932,0.9649,-0.2871,-0.4716,区域研究对于区域经济运行系统的优化、区域社会的和谐稳定及[.]的提升都具有重要的意义。  区域研究是以综合、全面地把握或理解某一特定地理区域的人群所创造的政治、经济、社会、文化系统为目的的。
Dec 30 2022 15:41:11,133,3,5,11,2.18,0.748,0.71,0.908,3,1,0.2519,0.2902,0.0918,0.1601,0.055,施吕特尔（O．Schluter，1872―1952）是景观学派的创始人。 他认为，地理学者应首先着眼于地球表面可以通过感官觉察到的事物，着眼于这种感觉一景观的整体。 景观是自然和人类社会共同创造的生活空间，他注重从[ .
Dec 30 2022 15:42:05,395,4,14,9,0.64,0.677,0.787,0.965,4,1,0.3229,0.2132,0.0347,0.2881,0.103,经济学中与区域分析关系最为密切的是区域经济学，它是从古典区位论中发展演化出来的，主要研究[.]，包括生产、流通、分配、消费的地理分布规律，地区优势的发挥，产业结构的优化，劳动地域分工的组织等问题。  也有人认为，区域经济学是经济学与地理学交叉而形成的应用经济学，是从经济学角度研究区域经济发展与区域关系协调的科学。
Dec 30 2022 15:42:54,445,4,1,4,3.98,0.677,0.79,0.966,1,0,0.6769,0.7898,0.9657,-0.2888,-0.4744,区域研究对于区域经济运行系统的优化、区域社会的和谐稳定及区域生态环境质量的提升都具有重要的意义。  区域研究是以[.]为目的的。
Dec 30 2022 15:43:09,555,1,3,11,3.79,0.907,0.927,0.986,5,1,0.093,0.0734,0.0144,0.0786,0.0084,原来的居民点也发生了分化，其中以[.]为主的就是农村，一些具有商业及手工业职能的就是城市。  所以，也可以说城市是生产发展和人类的第二次劳动大分工的产物。
Dec 30 2022 15:44:03,364,4,14,16,1.18,0.676,0.787,0.966,5,1,0.3236,0.2129,0.0335,0.29,0.1036,由于原始部落中生产水平的提高，生活需求的多样化，劳动分工的加强，逐渐出现一些专门的手工业者。  商业与手工业从农业中分离出来，这就是人类的[.]劳动大分工。
Dec 30 2022 15:44:21,477,4,1,3,3.16,0.676,0.792,0.967,2,0,0.6759,0.7919,0.9671,-0.2912,-0.4784,中国是[.]，地主可通过其代理人向农民征收实物或货币地租，地主阶级尤其是大中地主可以离开农村集中居住在城市，而封建统治的官僚阶级本身即是地主阶级或他们的代表人物。  欧洲是封建领主制，封建主大多数住在自己的城堡或领地的庄园中，中国的城市是政治，经济生活的中心，而欧洲往往政治中心在城堡，经济中心在城市。
Dec 30 2022 15:45:01,446,4,14,19,1.33,0.676,0.792,0.968,4,1,0.3243,0.2082,0.0318,0.2925,0.1042,城市集中发展虽然带来了较高的经济效益，提升了人们的物质，文化生活质量，同时也使城市居民变得远离自然，城市成为人类改造自然最彻底的地方，带来大量的生态环境问题，如大气及水质的恶化，热岛效应，人口的拥挤。  所以在城市集中发展的同时，也出现了城市[.]的理论和实践，如在郊区建造卫星城。
Dec 30 2022 15:46:12,516,3,8,7,0.9,0.745,0.816,0.971,3,1,0.2549,0.1837,0.0286,0.2263,0.0642,区域内部各组成部分之间存在着特性上的相似性和相关性。 依据这种特性可以将区域划分为两种类型：[.]。
Dec 30 2022 16:18:03,510,3,1,1,1.01,0.745,0.814,0.971,1,0,0.7448,0.8144,0.9711,-0.2263,-0.3883,区域的结构性是指构成区域的各要素间存在着包括[.]等方面的关系，如区域城乡结构、城镇体系结构、经济地域结构等。
Dec 30 2022 16:18:18,365,4,14,8,0.56,0.675,0.776,0.967,5,1,0.3251,0.2237,0.0328,0.2922,0.1046,由于原始部落中生产水平的提高，生活需求的多样化，劳动分工的加强，逐渐出现一些专门的手工业者。  [.]从农业中分离出来，这就是人类的第二次劳动大分工。
Dec 30 2022 16:18:35,358,4,14,13,0.93,0.675,0.773,0.967,5,1,0.3253,0.2273,0.0333,0.292,0.1047,工业革命后有了人工的能源就有可能把生产集中在城市。 从而使[.]迅速地在城市发展，并随之带动商业和贸易的发展，城市人口迅速膨胀。 工业化吸收了大量农业人口，使之转化为城市人口。 城市扩展也吞并了周围的农业用地，农民流入城市成为工人。 以上这些都加速了城市化。
Dec 30 2022 16:19:10,368,4,14,9,0.67,0.674,0.769,0.966,5,1,0.3256,0.2309,0.0338,0.2918,0.1048,从我国文字的字义来看，“城”是以武器守卫土地的意思，是一种防御性的构筑物。  “市”是一种[.]，即“日中为市”，“五十里有市”的市。 但是有防御墙垣的居民点并不都是城市，有的村寨也设防御的墙垣。 城市是有着商业交换职能的居民点。 城市与农村的区别，主要是产业结构，也就是居民从事的职业不同，还有居民的人口规模，居住形式的集聚密度。
Dec 30 2022 16:20:25,261,7,1,1,1,0.502,0.616,0.947,2,0,0.5016,0.6162,0.9468,-0.4452,-0.6448,希腊地理学脱胎于[.]两门学科。
Dec 30 2022 16:20:34,452,4,14,11,0.78,0.674,0.779,0.968,5,1,0.3261,0.2212,0.0316,0.2945,0.1053,人类最初的固定居民点，就具[.]的要求，最初是防止野兽的侵袭，后来由于原始部落之间的战争，进而加强了防御的功能。
Dec 30 2022 16:20:52,427,4,1,3,2.88,0.674,0.775,0.968,1,0,0.6737,0.7749,0.968,-0.2943,-0.4831,地理学作为研究人类活动与地表自然环境关系即人地关系的学科，其核心或焦点就是[.]，对其的研究历来就是地理学一个传统的，基本的研究领域。
Dec 30 2022 16:22:03,247,3,1,1,1,0.745,0.708,0.915,2,0,0.7451,0.7077,0.9146,-0.1695,-0.2813,近代人文地理学的研究是个不断探索的过程，不同国家的学者试图从不同角度探讨人类活动与地理环境之间的关系，探究人文地理学的特定研究视角和解释途径，相继形成了 以拉采尔为代表的[.]， 以白兰士、白吕纳为代表的人地相关学派， 以赫特纳、哈特向为代表的区域学派， 以施吕特尔、索尔为代表的景观学派， 极大地充实了人文地理学的研究内涵。
Dec 30 2022 16:22:10,239,3,7,6,0.84,0.869,0.85,0.85,5,1,0.1314,0.1498,0.1498,-0.0184,-0.0052,与区域相近的词有“地区（area）”“地域（temritory），其实质是一致的。  只是“区域”是泛指，而“地区”则是特指，如华东地区。 “区域”范围有大有小，而“地域”一般范围较大，且更强调地方性和景观性。 至于“空间”，虽然基本含义也与区域相近，但其范围更[.]。
Dec 30 2022 16:22:42,380,4,1,1,1.46,0.673,0.768,0.968,2,0,0.6732,0.7677,0.968,-0.2948,-0.4839,工业革命期间，城市的[.]也有增加，出现了港口贸易城市，矿业城市、交通枢纽城市.或以某种产业为主的城市等等。 原来的一些大城市则发展成为工业、商业，金融，贸易等综合功能经济中心。
Dec 30 2022 16:22:54,115,4,1,1,1,0.675,0.65,0.676,1,0,0.6749,0.6505,0.6762,-0.0012,-0.0017,区域分析的主要内容  [.]
Dec 30 2022 16:23:28,246,4,6,4,0.75,0.675,0.642,0.722,5,1,0.3253,0.3581,0.2783,0.047,0.0284,[.]直接影响城市的发展形态。 在整个漫长的封建社会中，小农经济是社会的经济基础，然而欧洲与中国在土地所有制上有很大的差别。  中国是地主所有制，地主可通过其代理人向农民征收实物或货币地租，地主阶级尤其是大中地主可以离开农村集中居住在城市，而封建统治的官僚阶级本身即是地主阶级或他们的代表人物。 .
Dec 30 2022 16:23:38,206,9,25,35,1.4,0.41,0.544,0.943,4,1,0.5902,0.456,0.0568,0.5334,0.3451,古代城市的发展影响因素  [.]
Dec 30 2022 16:24:08,401,4,1,1,1,0.672,0.755,0.968,1,0,0.6724,0.7554,0.9675,-0.2951,-0.4839,当代人地关系研究还包括主观层面的论题对环境的：感知（perception），[.]以及价值观（value）。
Dec 30 2022 16:24:17,434,4,1,1,1,0.672,0.763,0.969,2,0,0.6722,0.7632,0.9692,-0.2971,-0.4876,森普尔是拉采尔的学生，著有《地理环境的影响》、《美国历史及其地理条件》等著作，他大肆宜扬地理环境对人类体质、民族发展与国家历史有决定性影响。  亨丁顿在《气候与文明》一书中，特别强调了气候对人类文明的决定性影响，提出人类文明只有在具有刺激性气候的地区才能有所发展等观点。 .
Dec 30 2022 16:24:22,439,4,14,13,0.93,0.672,0.763,0.97,5,1,0.3281,0.2366,0.0299,0.2981,0.1067,第二、第三产业在城市中的集中，产业门类的增加与分工协作，使城市具有强大的[.]效应，使得城市的规模不断扩张。  城市强大的经济实力也使其向周围的地区及城镇具有较强的辐射效应。 大量相互交换的物流、人流、信息流，使城市与区域城镇的联系更为密切。
Dec 30 2022 16:25:22,400,4,14,20,1.41,0.672,0.753,0.969,5,1,0.3281,0.2474,0.0311,0.297,0.1067,当代人地关系研究还包括主观层面的论题，对环境的：[.]、态度（attitude），以及价值观（value）。
Dec 30 2022 16:35:07,428,4,1,1,1.11,0.672,0.757,0.969,2,0,0.6717,0.7568,0.9694,-0.2977,-0.4885,地理学作为研究[.]的学科，其核心或焦点就是研究反映各种人地关系的地域系统，对其的研究历来就是地理学一个传统的，基本的研究领域。
Dec 30 2022 17:32:57,495,4,14,7,0.52,0.671,0.756,0.97,5,1,0.3286,0.2438,0.0299,0.2986,0.1071,人文地理学以[.]为研究对象，其分支学科主要有人口地理学、聚落地理学、文化地理学、社会地理学、政治地理学、行为地理学、旅游地理学、军事地理学等。 广义的人文地理学包括经济地理学，狭义的人文地理学不包括经济地理学。
Dec 30 2022 17:33:20,82,9,1,3,2.51,0.408,0.504,0.944,1,0,0.4081,0.5036,0.9437,-0.5356,-0.724,当代西方人文地理学与前期相比，无论在研究方向还是研究内容、方法上都有一些新的变化，总体来看，它具有以下三大主要特征：  1．理论与哲学方法论的[.]2．研究方法的不断革新 3．研究内容和方向的社会化、应用化趋向
Dec 30 2022 17:33:34,294,7,21,25,1.18,0.498,0.599,0.955,3,1,0.5023,0.4014,0.0452,0.4571,0.2503,人文地理学的产生是一个漫长的过程，一般是指19世纪中叶以前。  这一阶段基本上是[.]的过程，而地理知识的积累主要依赖于地理视野的扩展，对未知区域的探索和描述构成了古代人文地理学的主要内容。
Dec 30 2022 17:33:40,369,4,14,13,0.93,0.671,0.739,0.969,4,1,0.3291,0.2607,0.0309,0.2981,0.1073,从我国文字的字义来看，“城”是以武器守卫土地的意思，是一种[.]。  “市”是一种交易的场所，即“日中为市”，“五十里有市”的市。 但是有防御墙垣的居民点并不都是城市，有的村寨也设防御的墙垣。 城市是有着商业交换职能的居民点。 城市与农村的区别，主要是产业结构，也就是居民从事的职业不同，还有居民的人口规模，居住形式的集聚密度。
Dec 30 2022 17:34:20,514,3,10,16,1.64,0.741,0.777,0.973,5,1,0.2587,0.2225,0.0271,0.2316,0.0662,促使近代人文地理学产生的主要外在动力有：  一是通过地理大发现和一系列探险活动，寻求复杂现象的答案引发地理学的发展。 二是[.]带来的冲击，开始于17世纪，在19世纪下半叶取得普遍 .
Dec 30 2022 17:34:42,91,10,27,62,2.29,0.368,0.463,0.941,4,1,0.6316,0.5373,0.059,0.5726,0.3955,当代地理学特别关注[.]的关系。
Dec 30 2022 17:35:00,411,4,14,23,1.65,0.67,0.724,0.967,4,1,0.3296,0.2761,0.0325,0.2971,0.1076,直至1840年鸦片战争后，资本主义生产方式及现代工业随着帝国主义势力的入侵进入中国.使东部沿海一些城市发生较大的变化，如由帝国主义侵占或由他们控制的租界发展起来的香港、大连、青岛、上海、汉口等，出现了近代工业，港口及一些现代的城市市政工程及公用设施。 .
Dec 30 2022 17:35:42,453,4,14,21,1.49,0.67,0.73,0.968,5,1,0.3296,0.2695,0.0318,0.2977,0.1076,人文地理学是一门跨越[.]的边缘学科，与相邻学科之间的交叉越来越广泛而频繁，特别是与环境科学、生态科学、经济科学、社会科学及系统工程学的交叉最为密切，一些具有边缘学科特点的分支显示出勃勃的生机，如城市地理学、旅游地理学、行为地理学等。 .
Dec 30 2022 17:37:14,297,3,5,8,1.68,0.888,0.843,0.874,3,1,0.1125,0.1569,0.1258,-0.0133,-0.0032,地理学的发展一般可以划分为三个阶段：  一是古代地理学，从[.]为止，以描述自然和人文现象为中心内容； 二是近代地理学，从世界上设置大学地理讲座或地理系开始（德国最早在1874年设置地理讲座），到第二次世界大战结束，地埋学进入近代科学阶段，此时地理学形成了人地关系学派、区域学派、景观学派等，学科内部则不断分化出众多的分支学科； .
Dec 30 2022 19:57:14,496,4,14,10,0.7,0.67,0.722,0.967,4,1,0.3298,0.2777,0.0327,0.2972,0.1077,[.]特点决定了人文地理学的性质是一个横断学科，它与研究地球表面人文要素的其他学科有密切关系，人文地理学从这些学科吸取有关各种要素的专门知识，反过来又为这些学科提供关于各种要素及其他现象间空间联系的知识。
Dec 30 2022 19:57:22,359,4,14,17,1.2,0.67,0.709,0.966,5,1,0.3298,0.2908,0.034,0.2958,0.1076,工业革命后有了人工的能源就有可能把生产集中在城市。 从而使加工工业迅速地在城市发展，并随之带动[.]的发展，城市人口迅速膨胀。 工业化吸收了大量农业人口，使之转化为城市人口。 城市扩展也吞并了周围的农业用地，农民流入城市成为工人。 以上这些都加速了城市化。
Dec 30 2022 19:58:11,319,1,1,1,1.48,0.905,0.862,0.886,2,0,0.9054,0.8615,0.8862,0.0192,0.0343,白兰士的学生白吕纳在《[.]》一书中，把人生地理事实分为三纲六目。 即地面上建设事业的不能生产者―房屋与道路，动植物的利用事业―耕种与畜牧，经济上的破坏事业―动植物的滥杀滥伐和矿产的开掘进一步细化了人地之间的相互关系。
Dec 30 2022 19:59:16,148,7,1,1,1.4,0.496,0.538,0.949,2,0,0.4961,0.5381,0.9486,-0.4526,-0.6539,有了人工的能源（蒸汽机）就有可能把生产集中在城市，从而使加工工业迅速地在城市发展，并随之带动商业和贸易的发展，城市人口迅速膨胀。 工业化吸收了大量农业人口，使之转化为城市人口，城市扩展也[.]，农民流入城市成为工人，这些都加速了城市化。
Dec 30 2022 19:59:40,454,4,14,18,1.31,0.67,0.725,0.968,5,1,0.3303,0.2749,0.0316,0.2987,0.1081,人文地理学是一门跨越自然与社会科学的边缘学科，与相邻学科之间的交叉越来越广泛而频繁，特别是与环境科学、生态科学、经济科学、社会科学及系统工程学的交叉最为密切，一些具有边缘学科特点的分支显示出勃勃的生机，如城市地理学、旅游地理学、行为地理学等。  这是由于人类所面临的人口、资源、环境等重大问题都具有[ .
Dec 30 2022 20:00:13,478,4,14,16,1.17,0.67,0.723,0.968,5,1,0.3298,0.277,0.0318,0.298,0.1078,中国是地主所有制，地主可通过其代理人向农民征收实物或货币地租，地主阶级尤其是大中地主可以离开农村集中居住在城市，而封建统治的官僚阶级本身即是地主阶级或他们的代表人物。  欧洲是[.]，封建主大多数住在自己的城堡或领地的庄园中，中国的城市是政治，经济生活的中心，而欧洲往往政治中心在城堡，经济中心在城市。
Dec 30 2022 20:00:35,254,8,23,36,1.56,0.461,0.502,0.946,4,1,0.5385,0.4978,0.0536,0.4849,0.2871,人文地理学是关于人类活动的[.]以及人类与地理环境之间相互关系的学科
Dec 30 2022 20:01:50,370,4,14,22,1.54,0.682,0.699,0.966,5,1,0.3178,0.3005,0.0341,0.2837,0.0998,从我国文字的字义来看，“城”是以武器守卫土地的意思，是一种防御性的构筑物。  “市”是一种交易的场所，即“日中为市”，“五十里有市”的市。 但是有防御墙垣的居民点并不都是城市，有的村寨也设防御的墙垣。 城市是有着[.]职能的居民点。 城市与农村的区别，主要是产业结构，也就是居民从事的职业不同，还有居民的人口规模，居住形式的集聚密度。
Dec 30 2022 20:02:27,260,7,22,42,1.9,0.521,0.526,0.949,4,1,0.4787,0.4742,0.0513,0.4275,0.2266,应用系统论的观点，把一个地区人类的社会经济活动与所处的地理环境看作是一个内在联系的系统，着重研究两者之间相互作用的规律，并协调双方的关系。  目的是[.]。
Dec 30 2022 20:04:12,249,8,1,1,1,0.466,0.469,0.943,2,0,0.4657,0.4691,0.9432,-0.4774,-0.6726,近代人文地理学的研究是个不断探索的过程，不同国家的学者试图从不同角度探讨人类活动与地理环境之间的关系，探究人文地理学的特定研究视角和解释途径，相继形成了 以拉采尔为代表的环境学派， 以白兰士、白吕纳为代表的人地相关学派， 以赫特纳、哈特向为代表的[.]， 以施吕特尔、索尔为代表的景观学派， 极大地充实了人文地理学的研究内涵。
Dec 30 2022 20:04:52,293,7,22,21,0.94,0.521,0.526,0.95,4,1,0.479,0.474,0.05,0.4291,0.227,二次大战后，西方人文地理学发生了巨大的变化，它连续不断地朝多元化发展。  战后初期，美国地理学界区域学派的观点占上风。以谢佛（F.K.Schaefer）为代表的地理学者首先向区域研究的公式化、理论的贫乏发起挑战，提出必须加强地理学理论、方法论研究。 20世纪50年代中期，华盛顿大学的地理学者加里森（W .
Dec 30 2022 20:08:15,394,4,10,15,1.48,0.691,0.686,0.965,3,1,0.3086,0.314,0.0346,0.274,0.094,经济学中与区域分析关系最为密切的是[.]，它是从古典区位论中发展演化出来的，主要研究人类经济活动的地理分布和空间组织规律，包括生产、流通、分配、消费的地理分布规律，地区优势的发挥，产业结构的优化，劳动地域分工的组织等问题。  也有人认为，区域经济学是经济学与地理学交叉而形成的应用经济学，是从经济学角度研究区域经济发展与区域关系协调的科学。
Dec 30 2022 20:08:21,402,4,14,12,0.85,0.694,0.684,0.965,5,1,0.3062,0.3161,0.0348,0.2713,0.0925,当代人地关系研究还包括主观层面的论题，对环境的感知（perception），态度（attitude），以及[.]
Dec 30 2022 20:09:22,237,3,1,1,1.23,0.89,0.88,0.88,2,0,0.8895,0.8802,0.8802,0.0094,0.0166,与区域相近的词有“地区（area）”“地域（temritory），其实质是一致的。  只是“区域”是泛指，而“地区”则是特指，如华东地区。 “区域”范围有大有小，而“地域”一般范围较[.]，且更强调地方性和景观性。 至于“空间”，虽然基本含义也与区域相近，但其范围更抽象、更笼统。
Dec 30 2022 20:09:32,288,7,22,27,1.21,0.536,0.508,0.948,5,1,0.4645,0.4923,0.0517,0.4127,0.2131,[.]是区域学派的代表人物。 他主张地理学应着重于空间分布的研究，区域地理学是地理学的核心，地理学研究的区域应是人类与环境相互作用的结果，所有自然界中与人类活动相互影响的一切要素，与自然环境相互联系的人文现象都是区域的特征。他的地理学方法论著作《地理学：它的历史、性质和方法》在国际地理学界产生了广泛的影响。
Dec 30 2022 20:09:54,149,4,6,7,1.13,0.699,0.631,0.437,3,1,0.3008,0.3686,0.5635,-0.2627,-0.227,为了研究各种尺度的空间和地方，地理学者用许多方法进行空间刻画。  当研究不同尺度的[.]（例如植被、产业）及其时间过程时，尤其依赖空间刻画。 地理学者还用空间刻画来研究一些无形现象，例如了解环境感知如何影响人们的行为，这就需要用诸如心智地图（mental map）和心智模型（mental model）的工具来刻画认知的空间。
Dec 30 2022 20:11:37,464,4,14,11,0.79,0.702,0.685,0.965,5,1,0.2982,0.3148,0.0347,0.2635,0.0877,就区域的本质而言，它是地球表面的一个范围，是地球表面各种空间范围的泛称或抽象。  可以将区域简要表述为：区域是一个[.]概念，是依一定的目的，准则在地球表面上划定的一个空间范围，它以某些物质或非物质客体特征而区别于其他空间范围。
Dec 30 2022 20:11:47,393,4,14,13,0.9,0.704,0.672,0.964,4,1,0.2957,0.3276,0.0359,0.2598,0.0862,[.]的集中造成城市的发展，规模的扩大，是工业社会城市发展的模式。
Dec 30 2022 20:12:03,421,4,14,15,1.1,0.706,0.679,0.965,5,1,0.2937,0.3205,0.0353,0.2585,0.085,由于区域发展是一个[.]的问题，不仅涉及经济发展，而且涉及社会发展和生态环境治理与保护。  因此，区域发展的方向及策略的研究也应该从全面系统的视角出发，以经济、社会和生态环境综合效益最大化作为评判标准。
Dec 30 2022 20:12:27,230,4,6,4,0.66,0.705,0.64,0.534,4,1,0.2947,0.3602,0.4662,-0.1714,-0.1304,在人地关系理论的研究方面，随着科学技术的发展，人类改变地理环境的规模和速度不断强化，人口增长、资源短缺、环境恶化、经济发展等都给当代社会带来一系列全球性和地区性的矛盾。  在这种背景下，如何协调人地关系成为人文地理学者研究的主题，客观上要求人文地理学成为[.]人类生存所需的周围环境的科学。
Dec 30 2022 20:12:52,265,7,22,32,1.44,0.551,0.488,0.946,5,1,0.4491,0.5124,0.0537,0.3955,0.1988,美国地理学者帕蒂森（Pattison，1964）曾通过归纳总结“地理学的四个传统”来凝练地理学的研究核心。  他指出，地理学的  第一个传统是空间传统（spatial tradi―tion），包括对事物位置的详尽记录、地理事物及现象的地图再现（空间关联）。  第二个传统是地域研究传统（area studies .
Dec 30 2022 20:13:22,130,4,1,3,2.76,0.706,0.673,0.964,2,0,0.7061,0.6733,0.9641,-0.2581,-0.431,人文地理学研究具有其特定的内核，即地理学的传统研究范式在人文地理学中的应用，具体包括三大主题：  一是人地关系的传统。 人与环境的关系是一个动态的过程，人文地理学研究人文现象空间特征与人类活动赖以生存的地理环境之间的关系，揭示自然环境对人类社会活动、人类活动对地理环境作用的变化和规律以及探讨如何适应环境和改造环境，以协调人地关系。 .
Dec 30 2022 20:18:36,285,7,1,2,2.49,0.538,0.482,0.947,2,0,0.5375,0.4819,0.9471,-0.4096,-0.6081,洪堡的伟大功绩在于使地理学成为一门独立的科学。 他通过在美洲的野外考察写成了三十卷的巨著（新大陆热带地区旅行记》，晚年著有《宇宙》五卷， 尽管他的成就主要在自然地理学方面， 但他也注意到人地之间的相互作用，洪堡创立了[ .
Dec 30 2022 20:20:05,463,4,14,26,1.88,0.703,0.675,0.966,4,1,0.2966,0.3249,0.0341,0.2625,0.0868,一方面，区域自然及人文地理条件是区域发展的基础，而研究区域自然及人文地理要素的分布和发展演化规律也是区域分析的基本内容。  另一方面，[.]是地理学应用研究的基础内容，区域分析的成果是地理学从事区域规划、城乡规划和区域与城乡发展研究的依据。 .
Dec 30 2022 20:22:27,284,7,22,19,0.88,0.547,0.482,0.948,4,1,0.4526,0.5175,0.0516,0.401,0.2022,德国是近代地理学的发源地，人文地理学的许多学术思想大多是直接或间接从德国形成并向世界各国传播开来的。对人地关系提出系统理论的首推拉采尔，他被认为是人文地理学的创始人。  一方面，他为人文地理学或他创名的人类地理学的比较系统的研究提供了指导路线； 另一方面，他被认为是[ .
Dec 30 2022 20:25:05,266,7,1,1,1,0.54,0.473,0.948,2,0,0.5403,0.4731,0.9476,-0.4072,-0.6059,美国地理学者帕蒂森（Pattison，1964）曾通过归纳总结“地理学的四个传统”来凝练地理学的研究核心。  他指出，地理学的  第一个传统是空间传统（spatial tradi―tion），包括对事物位置的详尽记录、地理事物及现象的地图再现（空间关联）。  第二个传统是地域研究传统（area studies .
Dec 30 2022 20:25:13,238,4,6,5,0.81,0.703,0.632,0.58,4,1,0.2974,0.3684,0.4201,-0.1227,-0.088,与区域相近的词有“地区（area）”“地域（temritory），其实质是一致的。  只是“区域”是泛指，而“地区”则是特指，如华东地区。 “区域”范围有大有小，而“地域”一般范围较大，且更强调[.]。 至于“空间”，虽然基本含义也与区域相近，但其范围更抽象、更笼统。
Dec 30 2022 20:28:50,257,7,22,21,0.97,0.547,0.478,0.949,4,1,0.4531,0.5222,0.0508,0.4023,0.2027,促使近代人文地理学产生的主要外在动力有：  一是通过[.]，寻求复杂现象的答案引发地理学的发展。 二是科学革命带来的冲击，开始于17世纪，在19世纪下半叶取得普遍进展的学术上的革新 .
Dec 30 2022 20:31:43,280,7,22,51,2.31,0.554,0.472,0.949,4,1,0.4465,0.528,0.0513,0.3951,0.1967,人文地理学不同于自然地理学，它是一门社会性较强的地理学科。  社会科学以[.]为研究对象，人文现象的分布是社会现象的空间形式，是一种特殊的社会经济活动，研究社会现象的地域结构是人文 .
Dec 30 2022 20:31:55,442,4,1,1,1,0.709,0.659,0.965,2,0,0.7085,0.6594,0.9653,-0.2568,-0.4298,区域研究对于[.]的优化、区域社会的和谐稳定及区域生态环境质量的提升都具有重要的意义。  区域研究是以综合、全面地把握或理解某一特定地理区域的人群所创造的政治、经济、社会、文化系统为目的的。
Dec 30 2022 20:32:18,468,4,14,30,2.14,0.71,0.659,0.966,4,1,0.2895,0.3411,0.034,0.2555,0.0827,古希腊著名的学者埃拉托色尼（Erathosthenes，约前273一前192）首创了“地理学” （Geographe）这一名词， Geo为地球， graphe为描述。  他的研究特色是把地球作为人类的家乡来研究，力图说明[.]之间的关系。
Dec 31 2022 15:14:32,217,1,2,7,3.69,0.917,0.901,0.978,5,1,0.0828,0.099,0.0219,0.0609,0.0064,地理学具有深厚的[.]，不断提出需要研究的科学问题，遵循一套从观测、度量、实验、假设、证实（或证伪）到理论概括、逻辑推导和实践检验，并不断反馈、往复的科学方法。  地理学紧密联系社会科学，关注人类社会和人类活动，运用多样的社会科学理论和方法，力图揭示不断变化的经济，社会和政治关系，特别注重这些关系的空间组织和空间结构。 .
Dec 31 2022 15:14:48,384,2,1,1,1,0.842,0.792,0.82,2,0,0.8417,0.7916,0.8199,0.0218,0.0362,一般来讲，区域空间结构由点、线、面三个基本要素组成。  “点”是[.]，多指不同规模和职能的居民点。 “线”即连接不同等级的“点”，并为其提供人员、能源、物资和信息交流的各种交通、通信、能源供应和给排水等线状设施，这种线状设施及其与“点”之间的相互通联即构成网络。 经济社会活动沿线状设施排列布局并在区域发展中发挥重要作用时便形成区域发展轴。 .
Dec 31 2022 15:14:59,386,4,1,1,1,0.708,0.64,0.635,2,0,0.7083,0.6398,0.6348,0.0735,0.0988,一般来讲，区域空间结构由点、线、面三个基本要素组成。  “点”是经济社会活动在空间上的聚集地，多指不同规模和职能的居民点。 “线”即连接不同等级的“点”，并为其提供人员、能源、物资 .
Dec 31 2022 15:15:08,556,2,5,8,1.61,0.843,0.792,0.977,4,1,0.1573,0.2076,0.0225,0.1348,0.0242,原来的居民点也发生了分化，其中以农业为主的就是农村，一些具有[.]职能的就是城市。  所以，也可以说城市是生产发展和人类的第二次劳动大分工的产物。
Dec 31 2022 15:15:15,428,1,2,10,4.81,0.917,0.905,0.981,4,1,0.0825,0.0947,0.019,0.0636,0.0065,地理学作为研究[.]的学科，其核心或焦点就是研究反映各种人地关系的地域系统，对其的研究历来就是地理学一个传统的，基本的研究领域。
Dec 31 2022 15:16:02,287,8,25,36,1.44,0.514,0.427,0.946,3,1,0.4864,0.573,0.0541,0.4323,0.2337,洪堡的伟大功绩在于[.]。 他通过在美洲的野外考察写成了三十卷的巨著（新大陆热带地区旅行记》，晚年著有《宇宙》五卷， 尽管他的成就主要在自然地理学方面， 但他也注意到人地之间的相互作用，洪堡创立了因果原则、综合原则、比较原则等研究的基本方法， 使地理学从古典的对地理现象的描述和记述走向近代地理学的解释和探讨因果关系， .
Dec 31 2022 15:17:08,510,1,1,1,1.32,0.919,0.904,0.981,2,0,0.9195,0.904,0.9814,-0.062,-0.1178,区域的结构性是指构成区域的各要素间存在着包括[.]等方面的关系，如区域城乡结构、城镇体系结构、经济地域结构等。
Dec 31 2022 15:17:17,380,1,2,8,3.81,0.919,0.904,0.914,5,1,0.0806,0.0957,0.0861,-0.0054,-0.0009,工业革命期间，城市的[.]也有增加，出现了港口贸易城市，矿业城市、交通枢纽城市.或以某种产业为主的城市等等。 原来的一些大城市则发展成为工业、商业，金融，贸易等综合功能经济中心。
Dec 31 2022 15:17:36,286,8,25,40,1.61,0.521,0.42,0.945,4,1,0.4789,0.5798,0.0547,0.4243,0.2264,洪堡的伟大功绩在于使地理学成为一门独立的科学。 他通过在美洲的野外考察写成了三十卷的巨著（新大陆热带地区旅行记》，晚年著有《宇宙》五卷， 尽管他的成就主要在自然地理学方面， 但他也注意到人地之间的相互作用，洪堡创立了因果原则、综合原则、比较原则等研究的基本方法， 使地理学从古典的对地理现象的描述和记述走向近代地理学的[.]， .
Dec 31 2022 15:55:19,234,1,2,5,2.53,0.923,0.898,0.914,4,1,0.0769,0.1016,0.0864,-0.0095,-0.0015,区域分析主要是对区域发展的自然条件和社会经济背景特征及其对区域发展的影响进行分析，以探讨区域内部各自然要素及人文要素间和区域间相互联系的规律、它涉及地理学、经济学、社会学、政治学及生物学等众多学科。  区域分析并不是一门独立学科，它作为一种科学方法论形成和发展起来，为有关学科研究区域问题和进行区域规划提供理论基础和研究方法，是区域研究的重要内容。 .
Dec 31 2022 15:55:33,401,1,1,1,1,0.924,0.902,0.926,2,0,0.9241,0.9019,0.926,-0.0019,-0.0036,当代人地关系研究还包括主观层面的论题对环境的：感知（perception），[.]以及价值观（value）。
Dec 31 2022 16:05:38,554,2,7,8,1.13,0.855,0.785,0.977,5,1,0.1447,0.215,0.0231,0.1216,0.0204,原来的居民点也发生了分化，其中以农业为主的就是农村，一些具有商业及手工业职能的就是城市。  所以，也可以说城市是生产发展和人类的第[.]次劳动大分工的产物。
Dec 31 2022 16:05:51,461,5,17,15,0.88,0.68,0.594,0.96,4,1,0.3198,0.4056,0.0396,0.2802,0.1007,城市空间范围的拓展也就意味着市民与城郊田野的距离的增加，城市越大，市民接触自然环境的机会就越小。  城市的拓展过程，就是自然环境变为人工环境的过程，城市成为人类改造自然最彻底的地方，也使城市居民减少或丧失了原有的与自然密切接触的种种优点和乐趣。 如何在城市化、城市发展过程中处理好[.]的关系，就成为现在城市规划学科的重要课题。 .
12月 31 2022 16:36:31,442,1,1,1,1,0.925,0.916,0.871,2,0,0.925,0.9156,0.8713,0.0537,0.0965,区域研究对于[.]的优化、区域社会的和谐稳定及区域生态环境质量的提升都具有重要的意义。  区域研究是以综合、全面地把握或理解某一特定地理区域的人群所创造的政治、经济、社会、文化系统为目的的。
12月 31 2022 16:37:03,237,1,1,1,1,0.924,0.914,0.809,2,0,0.9242,0.9141,0.8085,0.1157,0.2004,与区域相近的词有“地区（area）”“地域（temritory），其实质是一致的。  只是“区域”是泛指，而“地区”则是特指，如华东地区。 “区域”范围有大有小，而“地域”一般范围较[.]，且更强调地方性和景观性。 至于“空间”，虽然基本含义也与区域相近，但其范围更抽象、更笼统。
12月 31 2022 16:42:48,472,5,17,32,1.9,0.682,0.59,0.96,5,1,0.3179,0.4095,0.04,0.2779,0.0995,无论是生态系统和环境系统，还是经济系统和社会系统，还是他们之间的相互作用都具有[.]，需要借助新的理论和方法来研究人地关系地域系统。
12月 31 2022 16:43:24,154,5,17,16,0.96,0.685,0.588,0.96,5,1,0.3151,0.4119,0.0402,0.2749,0.0977,地理学既关注生态系统和环境系统，也关注人类系统和社会系统。  结合其他关键概念，地理学特别聚焦[.]（吴传钧，1991）。
12月 31 2022 16:53:25,115,1,2,2,0.97,0.925,0.898,0.744,5,1,0.0745,0.102,0.256,-0.1814,-0.06,区域分析的主要内容  [.]
12月 31 2022 16:53:30,515,4,14,17,1.21,0.74,0.622,0.963,5,1,0.2601,0.3778,0.0372,0.2229,0.0663,区域内部各组成部分之间存在着特性上的[.]。 依据这种特性可以将区域划分为两种类型：均质区域和结节区域。
12月 31 2022 16:53:35,434,1,2,2,0.86,0.926,0.898,0.76,4,1,0.0735,0.1019,0.2396,-0.1661,-0.052,森普尔是拉采尔的学生，著有《地理环境的影响》、《美国历史及其地理条件》等著作，他大肆宜扬地理环境对人类体质、民族发展与国家历史有决定性影响。  亨丁顿在《气候与文明》一书中，特别强调了气候对人类文明的决定性影响，提出人类文明只有在具有刺激性气候的地区才能有所发展等观点。 .
12月 31 2022 17:25:18,417,5,17,15,0.91,0.688,0.581,0.959,5,1,0.3118,0.4191,0.0408,0.271,0.0955,区域发展条件包括影响区域发展的[.]两个方面，主要指区域自然条件和自然资源，人口与劳动力，科学技术条件，基础设施条件及政策、管理、法制等社会因素。  分析这些条件的主要目的是明确区域发展的基础，评估潜力，为选择区域发展的方向、调整区域发展方式与资源利用模式、优化区域空间结构提供依据。
12月 31 2022 17:25:25,418,5,17,16,0.95,0.691,0.579,0.959,5,1,0.3092,0.4211,0.041,0.2683,0.0939,区域发展条件包括影响区域发展的自然条件及社会经济背景条件两个方面，主要指区域自然条件和自然资源，人口与劳动力，科学技术条件，基础设施条件及政策、管理、法制等社会因素。  分析这些条件的主要目的是明确区域发展的基础，评估潜力，为[.]提供依据。
12月 31 2022 17:25:31,319,1,2,7,3.36,0.927,0.91,0.783,5,1,0.0733,0.0899,0.2167,-0.1434,-0.0416,白兰士的学生白吕纳在《[.]》一书中，把人生地理事实分为三纲六目。 即地面上建设事业的不能生产者―房屋与道路，动植物的利用事业―耕种与畜牧，经济上的破坏事业―动植物的滥杀滥伐和矿产的开掘进一步细化了人地之间的相互关系。
12月 31 2022 20:06:39,148,1,2,2,0.96,0.928,0.9,0.787,4,1,0.0725,0.1005,0.2127,-0.1402,-0.04,有了人工的能源（蒸汽机）就有可能把生产集中在城市，从而使加工工业迅速地在城市发展，并随之带动商业和贸易的发展，城市人口迅速膨胀。 工业化吸收了大量农业人口，使之转化为城市人口，城市扩展也[.]，农民流入城市成为工人，这些都加速了城市化。
12月 31 2022 20:06:50,424,5,17,16,0.95,0.692,0.57,0.958,5,1,0.308,0.4303,0.0418,0.2662,0.0931,第二次世界大战后世界[.]的发展，世界经济的一体化趋势，跨国公司企业集团的发展，使一些发达的城镇密集地区的影响更大，如美国的东北部，芝加哥地区，西海岸城市带，日本的阪神地区，英国的东南部地区，欧洲中部地区（德、荷、比、法）等。
12月 31 2022 20:06:56,155,8,17,48,2.83,0.853,0.975,0.986,4,1,0.1475,0.0253,0.0145,0.133,0.0215,为了研究各种尺度的空间和地方，地理学者用许多方法进行空间刻画。  当研究不同尺度的有形现象（例如植被、产业）及其时间过程时，尤其依赖空间刻画。 地理学者还用空间刻画来研究一些无形现象，例如了解环境感知如何影响人们的行为，这就需要用诸如[.]的工具来刻画认知的空间。
12月 31 2022 20:07:01,249,1,2,1,0.72,0.928,0.9,0.798,5,1,0.072,0.1002,0.2019,-0.1299,-0.0356,近代人文地理学的研究是个不断探索的过程，不同国家的学者试图从不同角度探讨人类活动与地理环境之间的关系，探究人文地理学的特定研究视角和解释途径，相继形成了 以拉采尔为代表的环境学派， 以白兰士、白吕纳为代表的人地相关学派， 以赫特纳、哈特向为代表的[.]， 以施吕特尔、索尔为代表的景观学派， 极大地充实了人文地理学的研究内涵。
12月 31 2022 20:07:13,261,1,2,3,1.47,0.928,0.885,0.794,4,1,0.0722,0.1148,0.2061,-0.1339,-0.0373,希腊地理学脱胎于[.]两门学科。
12月 31 2022 20:07:22,381,5,17,38,2.22,0.693,0.558,0.957,5,1,0.3069,0.4416,0.0427,0.2642,0.0924,工业革命期间，城市的类型也有增加，出现了港口贸易城市，矿业城市、交通枢纽城市.或以某种产业为主的城市等等。 原来的一些大城市则发展成为工业、商业，金融，贸易等[.]。
12月 31 2022 20:31:33,532,4,14,34,2.45,0.747,0.603,0.961,5,1,0.2527,0.3973,0.0389,0.2138,0.0623,人和地是矛盾的统一体，人文地理学需要用[.]的规律，主动协调人类活动与自然环境之间的关系，预测人类活动可能引起的变化和后果，在开发利用的同时优化人类的生态环境。
12月 31 2022 20:31:36,438,5,17,32,1.85,0.697,0.563,0.958,5,1,0.3029,0.4372,0.0424,0.2605,0.09,[.]在城市中的集中，产业门类的增加与分工协作，使城市具有强大的聚集效应，使得城市的规模不断扩张。  城市强大的经济实力也使其向周围的地区及城镇具有较强的辐射效应。 大量相互交换的物流、人流、信息流，使城市与区域城镇的联系更为密切。
12月 31 2022 20:31:48,350,5,15,25,1.69,0.699,0.551,0.957,4,1,0.3008,0.4492,0.0434,0.2575,0.0886,全球化是指世界不同国家，区域和地方之间的关联日益紧密的发展过程。  首先，全球化指全球环境变化，各地的环境变化已累积到使全球环境发生显著变化，包括气候变化，土地覆被变化，污染扩散、生物多样性减少等，全球环境变化又反过来冲击所有国家和不同地方。  其次，全球化指[ .
12月 31 2022 20:31:56,248,9,1,1,1.4,0.509,0.337,0.938,2,0,0.509,0.3368,0.9381,-0.4292,-0.621,近代人文地理学的研究是个不断探索的过程，不同国家的学者试图从不同角度探讨人类活动与地理环境之间的关系，探究人文地理学的特定研究视角和解释途径，相继形成了 以拉采尔为代表的环境学派， 以白兰士、白吕纳为代表的[.]， 以赫特纳、哈特向为代表的区域学派， 以施吕特尔、索尔为代表的景观学派， 极大地充实了人文地理学的研究内涵。
12月 31 2022 20:32:05,469,5,1,1,1,0.683,0.559,0.958,2,0,0.6829,0.5594,0.9583,-0.2754,-0.452,[.]（R．Hartshorne，1899―1992）是区域学派的代表人物。  在其名著《地理学的性质》、《地理学性质的透视》中，他认为，地理学是描述和解释作为人类世界的地球各地方之间变异特性的科学。 地理学最关心的是人的世界和非人文世界之间的关联。这种关联性可以看作是人地关系的同义语。
12月 31 2022 20:32:15,407,5,17,37,2.18,0.685,0.548,0.958,5,1,0.3153,0.4516,0.0418,0.2735,0.0976,地理学对空间联系的关注源于世界不同地方的[.]。  传统地理学以区域为核心概念，是这种关注的集中表现。
12月 31 2022 20:32:23,266,1,2,1,0.57,0.926,0.9,0.773,4,1,0.0739,0.1005,0.2271,-0.1533,-0.0461,美国地理学者帕蒂森（Pattison，1964）曾通过归纳总结“地理学的四个传统”来凝练地理学的研究核心。  他指出，地理学的  第一个传统是空间传统（spatial tradi―tion），包括对事物位置的详尽记录、地理事物及现象的地图再现（空间关联）。  第二个传统是地域研究传统（area studies .
12月 31 2022 20:32:44,76,10,30,52,1.74,0.478,0.292,0.937,4,1,0.5216,0.7082,0.0629,0.4587,0.2681,当代西方人文地理学与前期相比，无论在研究方向还是研究内容、方法上都有一些新的变化，总体来看，它具有以下三大主要特征：  1．理论与哲学方法论的多元化 2．研究方法的[.] 3．研究内容和方向的社会化、应用化趋向
12月 31 2022 20:32:55,247,1,1,1,1,0.927,0.884,0.769,2,0,0.9269,0.8836,0.7689,0.158,0.2679,近代人文地理学的研究是个不断探索的过程，不同国家的学者试图从不同角度探讨人类活动与地理环境之间的关系，探究人文地理学的特定研究视角和解释途径，相继形成了 以拉采尔为代表的[.]， 以白兰士、白吕纳为代表的人地相关学派， 以赫特纳、哈特向为代表的区域学派， 以施吕特尔、索尔为代表的景观学派， 极大地充实了人文地理学的研究内涵。
12月 31 2022 20:33:16,68,10,31,60,1.93,0.487,0.288,0.937,5,1,0.5126,0.7124,0.0633,0.4494,0.2588,施吕特尔（O．Schluter，1872―1952）是景观学派的创始人。 他认为，地理学者应首先着眼于[.]的事物，着眼于这种感觉一景观的整体。 景观是自然和人类社会共同创造的生活空间，他注重从历史的角度来分析景观，探究一个原始景观（在经过人类活动重大改变之前存在的景观）转变成文化景观（人类文化所创造的景观）的过程，这就是地理学的主要任务。
Jan 02 2023 08:43:20,96,4,7,4,0.62,0.746,0.66,0.597,4,1,0.2537,0.3402,0.4025,-0.1488,-0.0976,地理学的空间刻画有多种形式：  具象的：（1）地图。（2）文字。 计量的：（3）数学表达。（4）数字刻画。 抽象的[.]
Jan 02 2023 17:10:02,384,2,4,7,1.82,0.862,0.803,0.694,4,1,0.1384,0.1968,0.306,-0.1676,-0.0745,一般来讲，区域空间结构由点、线、面三个基本要素组成。  “点”是[.]，多指不同规模和职能的居民点。 “线”即连接不同等级的“点”，并为其提供人员、能源、物资和信息交流的各种交通、通信、能源供应和给排水等线状设施，这种线状设施及其与“点”之间的相互通联即构成网络。 经济社会活动沿线状设施排列布局并在区域发展中发挥重要作用时便形成区域发展轴。 .
Jan 02 2023 17:10:07,448,7,23,36,1.55,0.608,0.44,0.949,4,1,0.3922,0.5597,0.0507,0.3416,0.1513,俄国的近代人文地理学主要承袭德国的思想，但在十月革命之后，由于社会主义建设的需要，以经济地理学取代了人文地理学。  在经济地理学内部形成了两大学派：[.]。
Jan 02 2023 17:10:16,386,2,4,1,0.32,0.863,0.803,0.644,5,1,0.1371,0.1968,0.3561,-0.219,-0.108,一般来讲，区域空间结构由点、线、面三个基本要素组成。  “点”是经济社会活动在空间上的聚集地，多指不同规模和职能的居民点。 “线”即连接不同等级的“点”，并为其提供人员、能源、物资 .
Jan 02 2023 17:10:38,693,2,1,1,1,0.866,0.782,0.977,2,0,0.866,0.7815,0.9774,-0.1114,-0.2053,行政区域就是一个典型的具有层次性的区域系统，是一种具有自上而下的[.]的区域。
Jan 02 2023 17:14:44,396,4,6,7,1.18,0.746,0.636,0.584,5,1,0.254,0.3641,0.4159,-0.1619,-0.1084,经济学中与区域分析关系最为密切的是区域经济学，它是从古典区位论中发展演化出来的，主要研究人类经济活动的地理分布和空间组织规律，包括生产、流通、分配、消费的地理分布规律，地区优势的发挥，产业结构的优化，劳动地域分工的组织等问题。  也有人认为，区域经济学是经济学与地理学交叉而形成的应用经济学，是从经济学角度研究[.]的科学。
Jan 02 2023 17:14:51,255,7,27,73,2.69,0.968,0.985,0.987,5,1,0.0318,0.0155,0.0132,0.0187,0.0008,人文地理学是关于人类活动的空间差异和空间组织以及[.]之间相互关系的学科
Jan 02 2023 17:33:18,379,7,22,34,1.53,0.608,0.427,0.949,4,1,0.392,0.5731,0.0507,0.3413,0.1511,全球经济一体化的趋势，以及交通的发展，各国之间经济，文化交流的密切，形成世界范围内的某种趋同性。  [.]，是未来城市发展面临的一个新课题，未来的城市应该是多色多彩的城市。
Jan 03 2023 21:22:40,108,8,14,71,5.09,0.948,0.984,0.988,4,1,0.0523,0.0158,0.0119,0.0404,0.0026,为了研究各种尺度的空间和地方，地理学者用许多方法进行空间刻画。  当研究不同尺度的有形现象（例如植被、产业）及其时间过程时，尤其依赖空间刻画。 地理学者还用空间刻画来研究一些[.]，例如了解环境感知如何影响人们的行为，这就需要用诸如心智地图（mental map）和心智模型（mental model）的工具来刻画认知的空间。
Jan 03 2023 21:22:44,693,1,1,1,1.14,0.93,0.884,0.699,2,0,0.9301,0.8836,0.6985,0.2315,0.3771,行政区域就是一个典型的具有层次性的区域系统，是一种具有自上而下的[.]的区域。
Jan 04 2023 08:36:13,693,1,2,2,1.07,0.929,0.952,0.671,5,1,0.0712,0.0481,0.3288,-0.2575,-0.103,行政区域就是一个典型的具有层次性的区域系统，是一种具有自上而下的[.]的区域。
Jan 04 2023 13:46:46,304,5,17,46,2.72,0.902,0.982,0.99,5,1,0.0981,0.0182,0.0104,0.0877,0.0095,地理学用一套独特而系统的视角和科学框架研究作为人类家园的地球表层复杂系统，这种视角和框架的核心理念是“[.]”，它打破了自然科学和社会科学的界线，把不同学科聚集在一起。
1月 04 2023 17:08:03,511,5,1,1,1,0.695,0.586,0.598,2,0,0.695,0.5865,0.5984,0.0966,0.1249,区域的结构性是指[.]间存在着包括空间位置、功能联系、作用地位等方面的关系。. 如区域城乡结构、城镇体系结构、经济地域结构等。
1月 04 2023 17:08:15,296,9,30,36,1.22,0.933,0.977,0.985,5,1,0.0672,0.0229,0.0153,0.0519,0.0043,人文地理学的产生是一个漫长的过程，一般是指19世纪中叶以前。  这一阶段基本上是积累地理知识和资料的过程。 而这个过程主要依赖于地理视野的扩展，对[.]构成了古代人文地理学的主要内容。
1月 04 2023 17:08:49,444,5,1,1,1,0.694,0.587,0.633,2,0,0.6945,0.5867,0.633,0.0614,0.0816,区域研究对于区域经济运行系统的优化、区域社会的和谐稳定及[.]的提升都具有重要的意义。  区域研究是以综合、全面地把握或理解某一特定地理区域的人群所创造的政治、经济、社会、文化系统为目的的。
1月 04 2023 17:13:25,445,5,1,1,1.38,0.694,0.587,0.662,2,0,0.694,0.5866,0.6622,0.0318,0.0431,区域研究对于区域经济运行系统的优化、区域社会的和谐稳定及区域生态环境质量的提升都具有重要的意义。  区域研究是以[.]为目的的。
1月 04 2023 17:14:10,588,5,1,1,1,0.694,0.542,0.959,2,0,0.694,0.5421,0.9586,-0.2646,-0.4372,区域分析并不是一门独立学科，它作为一种科学方法论形成和发展起来，为有关学科[.]提供理论基础和研究方法。
1月 04 2023 17:14:46,157,9,16,11,0.69,0.805,0.806,0.806,5,1,0.1947,0.1942,0.1942,0.0005,0.0002,当代西方人文地理学与前期相比，无论在研究方向还是研究内容、方法上都有一些新的变化，总体来看，它具有以下三大主要特征：  1．理论与哲学方法论的多元化 2．研究方法的不断革新 3．研究内容和方向的[.]趋向
1月 04 2023 17:14:57,587,5,18,20,1.1,0.702,0.54,0.959,5,1,0.2983,0.4598,0.0408,0.2575,0.0873,区域分析并不是一门独立学科，它作为一种[.]形成和发展起来，为有关学科研究区域问题和进行区域规划提供理论基础和研究方法，是区域研究的重要内容。
1月 04 2023 17:15:17,609,5,11,20,1.85,0.704,0.548,0.96,3,1,0.2965,0.4516,0.0401,0.2564,0.0863,19世纪初，地植物学和自然地理学的先驱亚历山大・冯・洪堡（Alexander vonHumboldt）把景观作为一个科学概念引人地理科学研究中，景观成为“[.]”的代名词，这时景观概念的内涵是指由气候、水文、土壤、植被等自然要素以及文化现象组成的地域综合体，也就是地表的一个特定的地域功能单元。 .
1月 04 2023 17:15:44,510,4,1,4,3.7,0.746,0.65,0.682,2,0,0.7463,0.6504,0.6821,0.0642,0.0916,区域的结构性是指构成区域的各要素间存在着包括[.]等方面的关系，如区域城乡结构、城镇体系结构、经济地域结构等。
1月 04 2023 17:16:20,427,5,8,16,1.94,0.698,0.588,0.638,3,1,0.302,0.4119,0.3622,-0.0602,-0.04,地理学作为研究人类活动与地表自然环境关系即人地关系的学科，其核心就是[.]。对其的研究历来就是地理学一个传统的，基本的研究领域。
1月 04 2023 17:19:28,150,12,39,67,1.73,0.871,0.963,0.983,5,1,0.129,0.0368,0.0167,0.1123,0.0164,施吕特尔（O．Schluter，1872―1952）是[.]的创始人。 他认为，地理学者应首先着眼于地球表面可以通过感官觉察到的事物，着眼于这种感觉一景观的整体。 景观是自然和人类社会共同创造的生活空间，他注重从历史的角度来分析景观，探究一个原始景观（在经过人类活动重大改变之前存在的景观）转变成文化景观（人类文化所创造的景观）的过程，这就是地理学的主要任务。
1月 04 2023 17:19:47,460,9,30,52,1.73,0.542,0.334,0.943,4,1,0.4578,0.666,0.057,0.4008,0.2064,法国学派特别重视[.]，重视实地考察，以区域人生地理事实作为人地关系理论分析的佐证，以小区域的野外考察作为训练地理学者的最好途径。. 所以法国学派没有像德国那样出现自然地理学与人文地理学的明显分化。
1月 04 2023 17:20:07,466,9,30,40,1.32,0.551,0.332,0.943,5,1,0.449,0.668,0.0571,0.3918,0.1983,就区域的本质而言，它是地球表面的一个范围，是地球表面各种空间范围的泛称或抽象。  可以将区域简要表述为：区域是一个空间概念，是依一定的目的，准则在地球表面上划定的一个空间范围，它以某些[.]而区别于其他空间范围。
1月 04 2023 17:20:22,403,9,2,3,1.29,0.54,0.323,0.942,2,0,0.5396,0.3233,0.9422,-0.4026,-0.5965,有了剩余产品就产生[.].原始社会的生产关系也就逐渐解体，出现了阶级分化，人类开始进入奴隶社会。  所以也可以说，城市是伴随着私有制和阶级分化，在原始社会向奴隶制社会过渡时期出现的。
1月 04 2023 17:20:43,285,5,9,5,0.56,0.704,0.598,0.438,4,1,0.2958,0.4018,0.5622,-0.2664,-0.2286,洪堡的伟大功绩在于使地理学成为一门独立的科学。 他通过在美洲的野外考察写成了三十卷的巨著（新大陆热带地区旅行记》，晚年著有《宇宙》五卷， 尽管他的成就主要在自然地理学方面， 但他也注意到人地之间的相互作用，洪堡创立了[ .
1月 04 2023 17:21:12,604,5,16,23,1.46,0.711,0.541,0.96,4,1,0.2891,0.4594,0.04,0.2491,0.082,区域性、异质性、尺度性和功能性是生态学中景观概念的主要特征。  区域性：与地理学关于景观的表观认识相同，是指一个具体的地表空间单元。任何一个具体的景观类型都包含着特定的自然和人文要素组合，共同构成了景观的区城特色。因而，[.]也是景观生态学研究的显著特色。 .
1月 04 2023 17:21:42,250,9,2,3,1.65,0.959,0.98,0.988,1,0,0.9591,0.9803,0.9881,-0.029,-0.0565,近代人文地理学的研究是个不断探索的过程，不同国家的学者试图从不同角度探讨人类活动与地理环境之间的关系，探究人文地理学的特定研究视角和解释途径，相继形成了 以拉采尔为代表的环境学派， 以白兰士、白吕纳为代表的人地相关学派， 以赫特纳、哈特向为代表的区域学派， 以施吕特尔、索尔为代表的[.]， 极大地充实了人文地理学的研究内涵。
1月 04 2023 17:22:18,629,5,1,4,3.9,0.707,0.54,0.96,2,0,0.7073,0.5404,0.96,-0.2528,-0.4214,英国在人地关系理论方面受到法国学派的影响，[.]主张适应论。  英国在区域划分、土地利用调查等方面在国际地理学界影响很大。
1月 04 2023 17:22:42,401,4,1,1,1,0.749,0.652,0.524,2,0,0.749,0.6519,0.5243,0.2247,0.2861,当代人地关系研究还包括主观层面的论题：对环境的感知（perception），[.]以及价值观（value）。
1月 04 2023 17:22:48,477,5,9,7,0.76,0.701,0.586,0.465,5,1,0.2987,0.4137,0.5349,-0.2362,-0.1969,中国是[.]，地主可通过其代理人向农民征收实物或货币地租，地主阶级尤其是大中地主可以离开农村集中居住在城市，而封建统治的官僚阶级本身即是地主阶级或他们的代表人物。  欧洲是封建领主制，封建主大多数住在自己的城堡或领地的庄园中，中国的城市是政治，经济生活的中心，而欧洲往往政治中心在城堡，经济中心在城市。
1月 04 2023 17:22:59,261,4,8,10,1.27,0.834,0.852,0.852,4,1,0.1657,0.1483,0.1483,0.0174,0.0055,希腊地理学脱胎于[.]两门学科。
1月 04 2023 17:23:36,542,4,14,12,0.86,0.758,0.597,0.965,5,1,0.2417,0.4033,0.035,0.2068,0.0572,行政区域就是一个典型的具有[.]的区域系统，是一种具有自上而下的递阶管制特征的区域。
1月 04 2023 17:25:39,557,5,16,23,1.43,0.709,0.522,0.959,4,1,0.2908,0.4776,0.0406,0.2502,0.0829,区域分析 主要是对区域发展的[.]及其对区域发展的影响进行分析，以探讨区域内部各自然要素及人文要素间和区域间相互联系的规律。
1月 04 2023 17:28:06,709,4,9,17,1.88,0.761,0.608,0.966,3,1,0.2394,0.3919,0.0341,0.2053,0.0562,Title: 1.3.1 城市化的含义  城市化一般简单地释义为农业人口及土地向非农业的城市转化的现象及过程，具体的分析包括以下几个方面： （1）人口职业的转变，即由农业转变为非农业的第二，第三产业，表现为农业人口不断减少，非农业人口不断增加。 .
1月 04 2023 17:28:59,607,5,16,14,0.88,0.712,0.531,0.96,4,1,0.2881,0.469,0.0399,0.2482,0.0814,区域性、异质性、尺度性和功能性是生态学中景观概念的主要特征。  区域性：与地理学关于景观的表观认识相同，是指一个具体的地表空间单元。任何一个具体的景观类型都包含着特定的自然和人文要素组合，共同构成了景观的区城特色。因而，地城整体性和综合性也是景观生态学研究的显著特色。 .
1月 04 2023 17:29:06,442,4,7,2,0.34,0.752,0.654,0.535,4,1,0.2478,0.3464,0.4649,-0.2171,-0.1547,区域研究对于[.]的优化、区域社会的和谐稳定及区域生态环境质量的提升都具有重要的意义。  区域研究是以综合、全面地把握或理解某一特定地理区域的人群所创造的政治、经济、社会、文化系统为目的的。
Jan 04 2023 17:40:17,558,5,18,26,1.43,0.713,0.516,0.959,5,1,0.2869,0.4839,0.041,0.2459,0.0806,区域分析主要是对区域发展的自然条件和社会经济背景特征及其对区域发展的影响进行分析，以探讨[.]的规律、它涉及地理学、经济学、社会学、政治学及生物学等众多学科。
Jan 04 2023 17:40:48,589,5,2,1,0.5,0.709,0.517,0.959,1,0,0.7093,0.5166,0.959,-0.2497,-0.4165,在原始社会漫长的岁月中，人类过着[.]生活。  当时的原始人过着穴居，树居等群居形式，没有形成固定的居民点。
Jan 04 2023 17:41:23,482,9,29,53,1.84,0.547,0.311,0.945,4,1,0.4529,0.6886,0.0554,0.3976,0.2021,英国近代人文地理学的发展比德法两国晚几十年，[.]（H.J.Mack―inder，1861―1947）是代表人物。  他把地理学说成是探索人及其自然环境的相互作用的一门学科，1904年，他在英国皇家学会所作的讲演《历史的地理枢纽》，是其政治地理的代表作，阐述了“大陆腹地说”这一全球战略的概念。 .
Jan 04 2023 17:43:48,450,9,30,68,2.27,0.554,0.309,0.944,5,1,0.4457,0.6908,0.0555,0.3902,0.1956,区域作为人类聚居的场所，或者[.]的载体，是人类为了自身发展和社会进步面进行开发、利用、改造的对象。  对区域进行系统全面的了解和深入的研究是人类生存和发展的需要。
Jan 04 2023 17:44:21,410,9,30,35,1.16,0.561,0.301,0.944,4,1,0.4391,0.6992,0.0561,0.3829,0.1896,直至1840年鸦片战争后，资本主义生产方式及现代工业随着帝国主义势力的入侵进入中国.使东部沿海一些城市发生较大的变化，如由帝国主义侵占或由他们控制的租界发展起来的香港、大连、青岛、上海、汉口等，出现了近代工业，港口及一些现代的城市市政工程及公用设施。  这些城市发展基本特征与西方近代城市相近，不同的是具有[ .
Jan 04 2023 17:45:28,479,9,22,34,1.54,0.567,0.306,0.944,3,1,0.4329,0.6945,0.0558,0.377,0.1842,中国是地主所有制，地主可通过其代理人向农民征收实物或货币地租，地主阶级尤其是大中地主可以离开农村集中居住在城市，而封建统治的官僚阶级本身即是地主阶级或他们的代表人物。  欧洲是封建领主制，封建主大多数住在自己的城堡或领地的庄园中，中国的城市是政治，经济生活的中心，而欧洲往往政治中心在城堡，[.]。
Jan 04 2023 17:45:32,697,4,11,10,0.91,0.778,0.594,0.965,4,1,0.2219,0.4061,0.0346,0.1873,0.048,工业化初期，在工厂的外围修建了简陋的工人居住区，也相应聚集了为他们生活服务的面包房，裁缝铺，以后又在外面修建工厂及工人住宅区，这样[.]式地向外扩张，成为工业化初期城市发展的典型形态。
Jan 04 2023 17:45:44,382,9,31,48,1.55,0.575,0.295,0.943,4,1,0.4255,0.7051,0.0566,0.3689,0.1778,在长期与自然的斗争中，人类创造了工具，提高了自身的生存能力，开始有了捕鱼，狩猎，形成了比较稳定的劳动集体―母系社会的原始群落，随着生产能力的提高： 从采集果实中发现一些更适宜人们食用的植物予以集中裁植，出现了农业； 从狩猎中发现一些较温顺的动物可以集中牧养，出现了畜牧业； 于是原始群落中就产生了从事农业与从事畜牧业的分工。 这是人类的第[.]次劳动大分工。
Jan 04 2023 17:45:54,443,9,31,49,1.59,0.58,0.299,0.944,5,1,0.42,0.701,0.0563,0.3637,0.1732,区域研究对于区域经济运行系统的优化、[.]的和谐稳定及区域生态环境质量的提升都具有重要的意义。  区域研究是以综合、全面地把握或理解某一特定地理区域的人群所创造的政治、经济、社会、文化系统为目的的。
Jan 04 2023 17:46:11,449,9,31,42,1.35,0.585,0.298,0.944,4,1,0.4146,0.7022,0.0564,0.3582,0.1687,大城市的[.]的模式， 逐渐向在空间上有隔离、由便利的交通网络联系，在产业上有协作分工的城镇群，或城镇密集地区的方向发展。
Jan 04 2023 17:46:29,469,4,8,10,1.26,0.781,0.664,0.558,4,1,0.2187,0.3359,0.4424,-0.2238,-0.1479,[.]（1899―1992）是区域学派的代表人物。  在其名著《地理学的性质》、《地理学性质的透视》中，他认为，地理学是描述和解释作为人类世界的地球各地方之间变异特性的科学。 地理学最关心的是人的世界和非人文世界之间的关联。这种关联性可以看作是人地关系的同义语。
Jan 04 2023 17:46:56,279,12,39,67,1.73,0.498,0.187,0.935,4,1,0.5017,0.8132,0.0646,0.4372,0.2476,地理学所关切的科学问题直指当前决策者和公众的紧迫需求。 地理学者对解决实际问题做出贡献的方式主要有：以科研成果直接影响决策，为专门用户提供咨询从而成为决策过程的一部分。 地理学将通过帮助预测、规划、决策和优化未来而进一步增进对社会的贡献。 在[.]中，加强地理学知识的普及十分重要。 .
Jan 04 2023 17:47:16,422,9,30,38,1.25,0.598,0.293,0.943,4,1,0.402,0.7067,0.0567,0.3453,0.1584,第二次世界大战后世界经济的发展，[.]的一体化趋势，跨国公司企业集团的发展，使一些发达的城镇密集地区的影响更大，如美国的东北部，芝加哥地区，西海岸城市带，日本的阪神地区，英国的东南部地区，欧洲中部地区（德、荷、比、法）等。
Jan 04 2023 17:49:07,115,4,8,12,1.5,0.839,0.843,0.874,4,1,0.161,0.1572,0.1261,0.0349,0.01,区域分析的主要内容  [.]
Jan 04 2023 17:50:27,373,9,30,57,1.9,0.603,0.286,0.943,4,1,0.3973,0.7145,0.0573,0.34,0.1545,1．三板块   地理学包括自然地理学、人文―经济地理学和地理信息科学三大板块，各板块又包含一系列分支部门。 2．三层次   各板块都有自己的综合研究。 对各个自然地理要素进行整体性研究就形成综合自然地理学。 [.]，构成地理学科的三个层次。   3．三重性与三时期 .
Jan 04 2023 17:51:20,473,9,30,48,1.6,0.608,0.29,0.943,4,1,0.3924,0.7096,0.0569,0.3355,0.1508,[.]对城市建设也有着直接的影响。  中国的封建社会，自秦始皇统一全国，实行郡县制后，直至清王朝，大多数朝代是统一的中央集权的国家，各朝代的都城规模都很大，有几个朝代还在新王朝建立 .
Jan 04 2023 17:51:42,237,4,7,5,0.75,0.781,0.653,0.568,4,1,0.2191,0.3475,0.4317,-0.2126,-0.1384,与区域相近的词有“地区（area）”“地域（temritory），其实质是一致的。  只是“区域”是泛指，而“地区”则是特指，如华东地区。 “区域”范围有大有小，而“地域”一般范围较[.]，且更强调地方性和景观性。 至于“空间”，虽然基本含义也与区域相近，但其范围更抽象、更笼统。
Jan 04 2023 17:53:01,608,5,14,17,1.24,0.761,0.503,0.959,4,1,0.2388,0.4968,0.0412,0.1975,0.0553,19世纪初，地植物学和自然地理学的先驱[.]把景观作为一个科学概念引人地理科学研究中，景观成为“自然地域综合体”的代名词，这时景观概念的内涵是指由气候、水文、土壤、植被等自然要素以及文化现象组成的地域综合体，也就是地表的一个特定的地域功能单元。 .
Jan 04 2023 17:53:14,423,9,21,33,1.58,0.616,0.286,0.943,3,1,0.3836,0.7141,0.0573,0.3263,0.1438,第二次世界大战后世界经济的发展，世界经济的一体化趋势，[.]的发展，使一些发达的城镇密集地区的影响更大，如美国的东北部，芝加哥地区，西海岸城市带，日本的阪神地区，英国的东南部地区，欧洲中部地区（德、荷、比、法）等。
Jan 04 2023 17:53:19,247,4,7,7,0.98,0.786,0.664,0.587,4,1,0.2142,0.3362,0.4132,-0.1989,-0.1248,近代人文地理学的研究是个不断探索的过程，不同国家的学者试图从不同角度探讨人类活动与地理环境之间的关系，探究人文地理学的特定研究视角和解释途径，相继形成了 以拉采尔为代表的[.]， 以白兰士、白吕纳为代表的人地相关学派， 以赫特纳、哈特向为代表的区域学派， 以施吕特尔、索尔为代表的景观学派， 极大地充实了人文地理学的研究内涵。
Jan 04 2023 17:53:58,397,9,21,31,1.46,0.623,0.278,0.942,3,1,0.3767,0.7216,0.0578,0.3189,0.1386,区域三个特性：[.]
Jan 04 2023 17:54:02,498,9,29,31,1.06,0.627,0.283,0.943,4,1,0.3726,0.7167,0.0574,0.3152,0.1355,地理学的研究对象是作为人类家园的地球表层、人类与地理环境的关系，以及随[.]而变化的一切地球表层现象。
Jan 04 2023 17:54:13,398,9,29,69,2.4,0.632,0.275,0.942,4,1,0.3685,0.7251,0.0581,0.3104,0.1324,世界上大多数国家都存在[.]这样的居民点序列。  村庄是乡村型居民点，居民主要从事农业活动；镇和城市是城镇型居民点，统称城镇，居民主要从事非农业活动。
Jan 04 2023 17:55:09,652,5,14,25,1.78,0.776,0.497,0.958,4,1,0.2243,0.5031,0.0417,0.1826,0.0486,Title: 1.3.2 城市化进程的表现特征  （1）城市化是[.]，城市化首先表现为大批乡村人口进入城市，城市人口在总人口中的比重逐步提高。 （2）城市化是产业结构转变的过程。随着城市化的推进，使得原来从事传统低效的第一产业的劳动力转向从事现代高效的第二、第三产业，产业结构逐步升级转换，国家和区域创造财富的能力不断提高。 .
Jan 04 2023 17:55:47,405,9,32,32,1.01,0.637,0.271,0.942,5,1,0.3629,0.7286,0.0583,0.3046,0.1283,有了剩余产品就产生私有制.原始社会的生产关系也就逐渐解体，出现了阶级分化，人类开始进入奴隶社会。  所以也可以说，城市是伴随着[.]，在原始社会向奴隶制社会过渡时期出现的。
Jan 04 2023 17:55:58,705,4,14,18,1.26,0.819,0.57,0.964,5,1,0.1809,0.4304,0.0363,0.1446,0.0314,埃及公元前2500年为修建金字塔而建造的[.]是奴隶制的典型城市。  城为长方形，用墙分为两部分，墙西为贫民居住区，挤满250多个小屋：墙东路北为贵族居住区，面积与贫民区相同，有10～11个大院，墙东路南为中等阶层的居住区。
Jan 04 2023 17:57:25,707,4,10,18,1.82,0.82,0.568,0.964,4,1,0.1803,0.432,0.0365,0.1438,0.0312,Title: 1.3.1 城市化的含义  城市化一般简单地释义为农业人口及土地向非农业的城市转化的现象及过程，具体的分析包括以下几个方面： （1）[.]的转变，即由农业转变为非农业的第二，第三产业，表现为农业人口不断减少，非农业人口不断增加。 .
Jan 04 2023 17:58:19,664,5,14,25,1.77,0.781,0.49,0.958,4,1,0.219,0.5098,0.0422,0.1768,0.0462,城镇一般拥有较高的人口密度和建筑密度，在[.]上不同于村庄（哪一地理概念）；城镇一般拥有相对于村庄更为完备的市政设施和公共设施。
Jan 04 2023 17:58:25,451,9,32,48,1.5,0.645,0.271,0.942,5,1,0.3553,0.7292,0.0584,0.297,0.1228,区域作为[.]的场所，或者经济社会活动的载体，是人类为了自身发展和社会进步面进行开发、利用、改造的对象。  对区域进行系统全面的了解和深入的研究是人类生存和发展的需要。
Jan 04 2023 18:00:51,295,12,41,75,1.82,0.564,0.164,0.934,4,1,0.4358,0.8357,0.0662,0.3696,0.1855,人文地理学的产生是一个漫长的过程，一般是指19世纪中叶以前。  这一阶段基本上是积累地理知识和资料的过程。 而这个过程主要依赖于[.]的扩展，对未知区域的探索和描述构成了古代人文地理学的主要内容。
Jan 04 2023 18:00:55,324,4,14,15,1.04,0.827,0.561,0.963,5,1,0.173,0.4385,0.0369,0.1361,0.0286,地方是资源利用、环境管理、经济发展、社会控制、文化传承和可持续发展的[.]。
Jan 04 2023 18:01:04,148,4,8,8,0.95,0.839,0.847,0.901,4,1,0.161,0.1531,0.0992,0.0618,0.0161,有了人工的能源（蒸汽机）就有可能把生产集中在城市，从而使加工工业迅速地在城市发展，并随之带动商业和贸易的发展，城市人口迅速膨胀。 工业化吸收了大量农业人口，使之转化为城市人口，城市扩展也[.]，农民流入城市成为工人，这些都加速了城市化。
Jan 04 2023 18:01:12,653,5,14,44,3.16,0.79,0.483,0.957,4,1,0.2105,0.5168,0.0427,0.1678,0.0425,Title: 1.3.2 城市化进程的表现特征  （1）城市化是城市人口占总人口的比重不断上升，城市化首先表现为大批乡村人口进入城市，城市人口在总人口中的比重逐步提高。 （2）城市化是产业结构转变的过程。随着城市化的推进，使得原来从事传统低效的第一产业的劳动力转向从事现代高效的第二、第三产业，产业结构逐步升级转换，国家和区域创造财富的能力不断提高。 .
Jan 04 2023 18:01:33,406,9,28,40,1.44,0.657,0.258,0.941,4,1,0.3429,0.7422,0.0593,0.2836,0.1141,有了剩余产品就产生私有制.原始社会的生产关系也就逐渐解体，出现了阶级分化，人类开始进入奴隶社会。  所以也可以说，城市是伴随着私有制和阶级分化，在[.]社会过渡时期出现的。
Jan 04 2023 18:01:35,519,8,24,38,1.57,0.691,0.285,0.943,4,1,0.3088,0.7149,0.0573,0.2515,0.0921,整体性（或系统性）与结构性是区域最基础的特性，区域的[.]是其反映，同时也是区域内部地域分异性的表象。根据这种思想，区域划分也应该具有层次性。  根据尺度、目的的不同，我们可以将区 .
Jan 04 2023 18:02:41,471,9,28,60,2.15,0.664,0.262,0.941,4,1,0.3364,0.738,0.059,0.2774,0.1097,人文地理研究具有[.]，人文地理学是一门和社会经济发展有着密切关联的学科，它的应用相当广泛，如地区资源的开发评价、地区综合发展分析、城市与区域规划等。  人文地理的几乎每一个研究领 .
Jan 04 2023 18:02:52,248,4,7,8,1.1,0.824,0.663,0.6,3,1,0.1757,0.3367,0.4005,-0.2248,-0.1295,近代人文地理学的研究是个不断探索的过程，不同国家的学者试图从不同角度探讨人类活动与地理环境之间的关系，探究人文地理学的特定研究视角和解释途径，相继形成了 以拉采尔为代表的环境学派， 以白兰士、白吕纳为代表的[.]， 以赫特纳、哈特向为代表的区域学派， 以施吕特尔、索尔为代表的景观学派， 极大地充实了人文地理学的研究内涵。
Jan 04 2023 18:04:44,290,12,28,65,2.33,0.584,0.158,0.933,3,1,0.4158,0.8417,0.0667,0.3492,0.1685,二次大战后，西方人文地理学发生了巨大的变化，它连续不断地朝多元化发展。  战后初期，美国地理学界[.]的观点占上风。以谢佛（F.K.Schaefer）为代表的地理学者首先向区域研究的公式化、理论的贫乏发起挑战，提出必须加强地理学理论、方法论研究。 20世纪50年代中期，华盛顿大学的地理学者加里森（W .
Jan 04 2023 18:05:37,663,5,14,19,1.35,0.8,0.479,0.957,4,1,0.1998,0.5206,0.043,0.1568,0.0381,科学技术发达带来物质生产的高度发达及人们物质生活的提高，同时也引发了人们对精神文明的重视，对不可再生的历史文化遗产的重视，对城市是[.]这一特征的认同，认识到如何使高度发达的生产技术与传统的历史化相和谐。
Jan 04 2023 18:06:29,636,5,2,3,1.4,0.797,0.479,0.957,1,0,0.7969,0.4786,0.957,-0.16,-0.2806,地理学研究涉及多种尺度。  一方面，为了更详细地了解[.]，需要缩小研究的尺度。  另一方面，为了获得整体和宏观的认识和把握，需要扩大研究的尺度。  地理学研究需要清楚地界定所关心问题的尺度，也一直在探索如何将不同尺度上的研究结果关联起来，以利于既全面又深入地认识世界和把握世界。
Jan 04 2023 18:07:41,404,9,28,48,1.72,0.668,0.256,0.942,4,1,0.332,0.7445,0.0584,0.2737,0.1068,有了剩余产品就产生私有制.原始社会的生产关系也就逐渐解体，出现了[.]，人类开始进入奴隶社会。  所以也可以说，城市是伴随着私有制和阶级分化，在原始社会向奴隶制社会过渡时期出现的。
Jan 04 2023 18:08:36,526,8,2,1,0.5,0.692,0.284,0.944,2,0,0.6916,0.2844,0.9437,-0.2521,-0.4123,另一个对近代人文地理学发展产生很大影响的是区位理论学派。  德国农业经济学家杜能首先创立了农业区位论，此后韦伯创立了工业区位论，克里斯泰勒 提出城市区位理论―中心地学说，还有[.]建立了市场区位理论。 区位论思想对现代地理学的理论、方法乃至实践都产生了深远的影响。
Jan 04 2023 18:08:41,249,4,11,8,0.72,0.855,0.847,0.915,5,1,0.1445,0.1534,0.0849,0.0596,0.0137,近代人文地理学的研究是个不断探索的过程，不同国家的学者试图从不同角度探讨人类活动与地理环境之间的关系，探究人文地理学的特定研究视角和解释途径，相继形成了 以拉采尔为代表的环境学派， 以白兰士、白吕纳为代表的人地相关学派， 以赫特纳、哈特向为代表的[.]， 以施吕特尔、索尔为代表的景观学派， 极大地充实了人文地理学的研究内涵。
Jan 04 2023 18:09:18,88,12,2,1,0.5,0.567,0.158,0.936,2,0,0.5668,0.1579,0.9358,-0.369,-0.5545,地理学所关切的科学问题直指当前决策者和公众的紧迫需求。 地理学者对解决实际问题做出贡献的方式主要有： 以[.]，为专门用户提供咨询从而成为决策过程的一部分。 地理学将通过帮助预测、规划、决策和优化未来而进一步增进对社会的贡献。 在基础教育乃至公众教育中，加强地理学知识的普及十分重要。
Jan 04 2023 18:09:25,621,5,18,24,1.35,0.79,0.478,0.959,5,1,0.2097,0.5224,0.0409,0.1689,0.0423,应用[.]的观点，把一个地区人类的社会经济活动与所处的地理环境看作是一个内在联系的系统，着重研究两者之间相互作用的规律，并协调双方的关系。  目的是使人类社会转变为可持续发展的社会。
Jan 04 2023 18:09:36,513,8,24,46,1.9,0.689,0.284,0.946,4,1,0.3111,0.7157,0.0543,0.2568,0.0938,地理学的研究对象处于不断变化的过程中，地理学重视研究这种变化的过程，即事物随时间而发生的变化。  地理学中的时间概念包括“物理时间”和“[.]
Jan 04 2023 18:10:07,465,9,28,40,1.43,0.661,0.262,0.944,4,1,0.3393,0.7382,0.0558,0.2835,0.112,就区域的本质而言，它是地球表面的一个范围，是地球表面各种空间范围的泛称或抽象。  可以将区域简要表述为：区域是一个空间概念，是依一定的目的，准则在地球表面上划定的[.]，它以某些物质或非物质客体特征而区别于其他空间范围。
Jan 04 2023 18:10:12,537,8,24,40,1.67,0.694,0.285,0.946,4,1,0.3056,0.7155,0.0542,0.2514,0.0905,[.]都是农业发展较早的地区，在这些地区的农业居民点以及在居民点的基础上发展起来的城市也出现得最早。
Jan 04 2023 18:12:01,603,5,18,25,1.41,0.797,0.476,0.959,5,1,0.2031,0.5237,0.0409,0.1621,0.0396,区域性、异质性、尺度性和功能性是生态学中景观概念的主要特征。  区域性：与地理学关于景观的表观认识相同，是指一个具体的[.]。任何一个具体的景观类型都包含着特定的自然和人文要素组合，共同构成了景观的区城特色。因而，地城整体性和综合性也是景观生态学研究的显著特色。 .
Jan 04 2023 18:12:08,408,9,28,33,1.19,0.668,0.255,0.944,4,1,0.3324,0.7446,0.0563,0.2761,0.1073,地理学对[.]的关注源于世界不同地方的复杂差异性。  传统地理学以区域为核心概念，是这种关注的集中表现。
Jan 04 2023 18:13:04,283,12,28,71,2.55,0.59,0.158,0.937,3,1,0.4103,0.8421,0.063,0.3473,0.1644,德国是近代地理学的发源地，人文地理学的许多学术思想大多是直接或间接从德国形成并向世界各国传播开来的。对人地关系提出系统理论的首推拉采尔，他被认为是人文地理学的创始人。  一方面，他为人文地理学或他创名的人类地理学的比较系统的研究提供了[.]； .
Jan 04 2023 18:13:12,518,8,24,57,2.37,0.706,0.284,0.946,4,1,0.2944,0.7158,0.0543,0.2402,0.0837,[.]与结构性是区域最基础的特性，区域的结构性是整体性（或系统性）的反映，同时也是区域内部地域分异性的表象。根据这种思想，区域划分也应该具有层次性。  根据尺度、目的的不同，我们可 .
Jan 04 2023 18:13:45,356,9,28,39,1.41,0.678,0.255,0.944,4,1,0.3217,0.745,0.0563,0.2654,0.1003,对美国地理学发展产生较大影响的另一位人文地理学家是[.] 他主张地理学者应致力于探讨人类文化与景观之间的关系，形成了文化景观学派。 他认为：地理学是研究地球表面按地区联系的各种事物，包括自然事物和人文事物及其在各地间的差异，人类按照其文化的标准，对其天然环境的自然现象和生物现象施加影响，并把它们改变成文化景观。
Jan 04 2023 18:14:56,637,5,2,1,0.5,0.803,0.478,0.959,2,0,0.8031,0.4782,0.9592,-0.156,-0.275,地理学研究涉及多种尺度。  一方面，为了更详细地了解某一系统运行的方式和机制，需要缩小研究的尺度。  另一方面，为了获得[.]，需要扩大研究的尺度。  地理学研究需要清楚地界定所关心问题的尺度，也一直在探索如何将不同尺度上的研究结果关联起来，以利于既全面又深入地认识世界和把握世界。
Jan 04 2023 18:15:10,434,4,8,13,1.66,0.839,0.842,0.924,4,1,0.161,0.1578,0.0763,0.0847,0.0201,森普尔是拉采尔的学生，著有《地理环境的影响》、《美国历史及其地理条件》等著作，他大肆宜扬地理环境对人类体质、民族发展与国家历史有决定性影响。  亨丁顿在《气候与文明》一书中，特别强调了气候对人类文明的决定性影响，提出人类文明只有在具有刺激性气候的地区才能有所发展等观点。 .
Jan 04 2023 18:16:25,441,9,22,50,2.26,0.677,0.261,0.945,3,1,0.3233,0.7391,0.0549,0.2684,0.1015,人文地理学研究具有其特定的内核，即地理学的传统研究范式在人文地理学中的应用，具体包括三大主题：  一是人地关系的传统。 人与环境的关系是一个动态的过程，人文地理学研究人文现象空间特征与人类活动赖以生存的地理环境之间的关系，揭示自然环境对人类社会活动、人类活动对地理环境作用的变化和规律以及探讨如何适应环境和改造环境，以协调人地关系。 二是[ .
Jan 04 2023 18:16:37,666,5,14,25,1.8,0.806,0.479,0.96,4,1,0.1943,0.5212,0.0401,0.1542,0.0361,区域内各异质要素或异质空间存在高度关联性，共同构成一个具有某种功能的空间有机体，此类区域即[.]。
Jan 04 2023 18:17:04,701,4,2,1,0.5,0.839,0.556,0.965,2,0,0.8391,0.5556,0.9651,-0.126,-0.2273,关于区域，不同学科有不同的理解：. 地理学把“区域”看作地球表面的一个[.]；. 经济学把“区域”理解为一个在经济上相对完整的经济单元；. 政治学把“区域”看作国家实施行政管理的行政单元；. 社会学则把“区域”解释为具有人类某种相同社会特征（如语言、宗教、民族，文化等）的聚居社区。
Jan 04 2023 18:17:23,640,5,14,24,1.7,0.804,0.478,0.961,4,1,0.1961,0.5218,0.0395,0.1567,0.0369,物理时间是对事物运动、变化之延续性和顺序性的精确度量，这种研究依赖时间序列数据及其分析  [.]指社会变化过程，其研究依赖用以界定社会变化性质的社会理论。时间也分为不同的尺度，从日变化、季节变化，年变化到多年变化。
Jan 04 2023 18:18:31,520,8,18,63,3.52,0.707,0.284,0.948,3,1,0.2926,0.7159,0.0524,0.2402,0.0829,整体性（或系统性）与结构性是区域最基础的特性，区域的结构性是其反映，同时也是区域内部[.]的表象。根据这种思想，区域划分也应该具有层次性。  根据尺度、目的的不同，我们可以将区域划 .
Jan 04 2023 18:18:38,630,5,11,27,2.43,0.806,0.478,0.961,3,1,0.1939,0.5222,0.0395,0.1544,0.036,英国在人地关系理论方面受到法国学派的影响，罗士培（P.M.Roxby，1880―1947）主张[.]。  英国在区域划分、土地利用调查等方面在国际地理学界影响很大。
Jan 04 2023 18:18:45,362,9,28,62,2.21,0.681,0.255,0.946,4,1,0.3189,0.7451,0.0543,0.2646,0.0988,对西方人文地理学的批判削弱了苏联地理学界对人地关系的综合分析研究，导致了[.]的局面。 这种格局对1949年以后中国地理学的发展产生了很大的影响。
Jan 04 2023 18:19:35,440,9,32,48,1.51,0.684,0.261,0.946,5,1,0.3163,0.7392,0.0539,0.2623,0.0971,人文地理学研究具有其特定的内核，即地理学的传统研究范式在人文地理学中的应用，具体包括三大主题：  一是[.]的传统。 人与环境的关系是一个动态的过程，人文地理学研究人文现象空间特征与人类活动赖以生存的地理环境之间的关系，揭示自然环境对人类社会活动、人类活动对地理环境作用的变化和规律以及探讨如何适应环境和改造环境，以协调人地关系。 .
Jan 04 2023 18:20:14,651,5,2,1,0.69,0.807,0.478,0.961,1,0,0.8069,0.4785,0.9606,-0.1537,-0.2716,与洪堡不同的是，李特尔应用区域方法来论证人地关系，研究世界各地区不同地理现象的因果关系，主张从[.]的影响上去阐明地理学的人文方向，这并不是解释人地关系的正确方法。
Jan 04 2023 18:21:03,602,5,11,26,2.38,0.808,0.476,0.961,3,1,0.1924,0.5242,0.039,0.1535,0.0355,区域性、异质性、尺度性和功能性是生态学中[.]的主要特征。  区域性：与地理学关于景观的表观认识相同，景观生态学中的景观同样是指一个具体的地表空间单元。任何一个具体的景观类型都包含着特定的自然和人文要素组合，共同构成了景观的区城特色。因而，地城整体性和综合性也是景观生态学研究的显著特色。 .
Jan 04 2023 18:21:47,475,9,2,1,0.5,0.675,0.262,0.947,2,0,0.6752,0.2615,0.947,-0.2719,-0.441,国务院在1955年公布了第一个确定城镇的标准，采用居民点的[.]和职业构成两个要素相结合的办法。
Jan 04 2023 18:22:08,593,5,2,1,0.5,0.801,0.465,0.961,1,0,0.8012,0.4654,0.961,-0.1598,-0.2816,地理学者用以观察世界的三个“透镜”――[.]，是地理学思维和方法为科学认知做出的独特贡献。
Jan 04 2023 18:22:17,700,4,2,2,0.93,0.836,0.555,0.967,2,0,0.8355,0.5553,0.9673,-0.1318,-0.2375,地方有其客观属性，也存在[.]（例如乡情、乡愁、地方认同），了解二者对于认识地方和管理地方都很重要。
Jan 04 2023 18:22:46,564,5,2,3,1.34,0.796,0.463,0.962,2,0,0.7961,0.4634,0.9621,-0.166,-0.2918,人文地理学与其他人文学科的差异，根本点之一也在于人文地理学包含了区域研究的特性，重视了区域特征的[.]。
Jan 04 2023 18:24:22,447,9,32,68,2.14,0.666,0.261,0.95,5,1,0.334,0.7389,0.0497,0.2843,0.1091,俄国的近代人文地理学主要承袭德国的思想，但在十月革命之后，由于社会主义建设的需要，以[.]取代了人文地理学。  在经济地理学内部形成了两大学派：地理学派和经济学派。
Jan 04 2023 18:25:01,351,9,32,42,1.31,0.669,0.255,0.95,4,1,0.3313,0.7454,0.0501,0.2813,0.1073,全球化是指世界不同国家，区域和地方之间的关联日益紧密的发展过程。  首先，全球化指全球环境变化，各地的环境变化已累积到使全球环境发生显著变化，包括气候变化，土地覆被变化，污染扩散、生物多样性减少等，全球环境变化又反过来冲击所有国家和不同地方。 .
Jan 04 2023 18:26:02,268,12,41,67,1.62,0.59,0.157,0.944,5,1,0.41,0.8429,0.056,0.354,0.165,人地关系研究注重[.]对于社会，经济发展的基础作用：  重视生态系统服务及其变化与人类福祉的关系，研究生态系统服务变化对人类物质需求、安全、健康、社会关系、自由权与选择权的影响（MEA，2005）。  普遍参与自然资源评价和环境影响评价、区域规划、城乡规划、土地利用规划等社会实践。
Jan 04 2023 18:26:44,299,12,2,3,1.7,0.582,0.158,0.944,2,0,0.5819,0.1579,0.944,-0.3622,-0.5526,地理学的发展一般可以划分为三个阶段：  一是古代地理学，从地理思想的萌芽直到19世纪上半叶为止，以[.]为中心内容； 二是近代地理学，从世界上设置大学地理讲座或地理系开始（德国最早在1874年设置地理讲座），到第二次世界大战结束，地埋学进入近代科学阶段，此时地理学形成了人地关系学派、区域学派、景观学派等，学科内部则不断分化出众多的分支学科； .
Jan 04 2023 18:29:15,474,9,32,82,2.56,0.669,0.261,0.951,5,1,0.3313,0.7387,0.0489,0.2824,0.1074,地理学从来就隐含着系统概念的一些要点（如整体性，相互作用、空间等级），在这种传统的综合性基础上，借鉴系统论思想和方法发展出一套地理系统的概念和研究方法。  系统思想促成了对众多环境条件的综合评价，有助于平衡地理学的[.]趋势。
